ID,ID_status,active,count_reassign,count_opening,count_updated,ID_caller,opened_by,opened_time,Created_by,created_at,updated_by,updated_at,type_contact,location,Category Id,user_symptom,Support_group,support_incharge,Doc_knowledge,confirmation_check,impact,notify,problem_ID,change_request
INC0000045,New,TRUE,0,0,0,Caller 2403,Opened by  8,2/29/16 1:16,Created by 6,2/29/16 1:23,Updated by 21,2/29/16 1:23,Phone,Location 143,Subcategory 170,Symptom 72,Group 56,?,TRUE,FALSE,2 - Medium,Do Not Notify,?,?
INC0000045,Resolved,TRUE,0,0,2,Caller 2403,Opened by  8,2/29/16 1:16,Created by 6,2/29/16 1:23,Updated by 642,2/29/16 8:53,Phone,Location 143,Subcategory 170,Symptom 72,Group 56,?,TRUE,FALSE,2 - Medium,Do Not Notify,?,?
INC0000045,Resolved,TRUE,0,0,3,Caller 2403,Opened by  8,2/29/16 1:16,Created by 6,2/29/16 1:23,Updated by 804,2/29/16 11:29,Phone,Location 143,Subcategory 170,Symptom 72,Group 56,?,TRUE,FALSE,2 - Medium,Do Not Notify,?,?
INC0000045,Closed,FALSE,0,0,4,Caller 2403,Opened by  8,2/29/16 1:16,Created by 6,2/29/16 1:23,Updated by 908,03-05-2016 12:00,Phone,Location 143,Subcategory 170,Symptom 72,Group 56,?,TRUE,FALSE,2 - Medium,Do Not Notify,?,?
INC0000047,New,TRUE,0,0,0,Caller 2403,Opened by  397,2/29/16 4:40,Created by 171,2/29/16 4:57,Updated by 746,2/29/16 4:57,Phone,Location 165,Subcategory 215,Symptom 471,Group 70,Resolver 89,TRUE,FALSE,2 - Medium,Do Not Notify,?,?
INC0000047,Active,TRUE,1,0,1,Caller 2403,Opened by  397,2/29/16 4:40,Created by 171,2/29/16 4:57,Updated by 21,2/29/16 5:30,Phone,Location 165,Subcategory 215,Symptom 471,Group 24,Resolver 31,TRUE,FALSE,2 - Medium,Do Not Notify,?,?
INC0000047,Active,TRUE,1,0,2,Caller 2403,Opened by  397,2/29/16 4:40,Created by 171,2/29/16 4:57,Updated by 21,2/29/16 5:33,Phone,Location 165,Subcategory 215,Symptom 471,Group 24,Resolver 31,TRUE,FALSE,2 - Medium,Do Not Notify,?,?
INC0000047,Active,TRUE,1,0,3,Caller 2403,Opened by  397,2/29/16 4:40,Created by 171,2/29/16 4:57,Updated by 804,2/29/16 11:31,Phone,Location 165,Subcategory 215,Symptom 471,Group 24,Resolver 31,TRUE,FALSE,2 - Medium,Do Not Notify,?,?
INC0000047,Active,TRUE,1,0,4,Caller 2403,Opened by  397,2/29/16 4:40,Created by 171,2/29/16 4:57,Updated by 703,2/29/16 11:32,Phone,Location 165,Subcategory 215,Symptom 471,Group 24,Resolver 31,TRUE,FALSE,2 - Medium,Do Not Notify,?,?
INC0000047,Active,TRUE,1,0,5,Caller 2403,Opened by  397,2/29/16 4:40,Created by 171,2/29/16 4:57,Updated by 332,03-01-2016 09:14,Phone,Location 165,Subcategory 215,Symptom 471,Group 24,Resolver 31,TRUE,FALSE,2 - Medium,Do Not Notify,?,?
INC0000047,Awaiting User Info,TRUE,1,0,6,Caller 2403,Opened by  397,2/29/16 4:40,Created by 171,2/29/16 4:57,Updated by 332,03-01-2016 09:14,Phone,Location 165,Subcategory 215,Symptom 471,Group 24,Resolver 89,TRUE,FALSE,2 - Medium,Do Not Notify,?,?
INC0000047,Resolved,TRUE,1,0,7,Caller 2403,Opened by  397,2/29/16 4:40,Created by 171,2/29/16 4:57,Updated by 332,03-01-2016 09:52,Phone,Location 165,Subcategory 215,Symptom 471,Group 24,Resolver 89,TRUE,FALSE,2 - Medium,Do Not Notify,?,?
INC0000047,Closed,FALSE,1,0,8,Caller 2403,Opened by  397,2/29/16 4:40,Created by 171,2/29/16 4:57,Updated by 908,03-06-2016 10:00,Phone,Location 165,Subcategory 215,Symptom 471,Group 24,Resolver 89,TRUE,FALSE,2 - Medium,Do Not Notify,?,?
INC0000057,New,TRUE,0,0,0,Caller 4416,Opened by  8,2/29/16 6:10,?,?,Updated by 21,2/29/16 6:26,Phone,Location 204,Subcategory 125,Symptom 471,Group 70,?,TRUE,FALSE,2 - Medium,Do Not Notify,?,?
INC0000057,New,TRUE,0,0,1,Caller 4416,Opened by  8,2/29/16 6:10,?,?,Updated by 21,2/29/16 6:38,Phone,Location 204,Subcategory 125,Symptom 471,Group 70,?,TRUE,FALSE,2 - Medium,Do Not Notify,?,?
INC0000057,New,TRUE,0,0,2,Caller 4416,Opened by  8,2/29/16 6:10,?,?,Updated by 451,2/29/16 10:06,Phone,Location 204,Subcategory 125,Symptom 471,Group 70,?,TRUE,FALSE,2 - Medium,Do Not Notify,Problem ID  2,?
INC0000057,New,TRUE,0,0,3,Caller 4416,Opened by  8,2/29/16 6:10,?,?,Updated by 21,03-01-2016 02:53,Phone,Location 204,Subcategory 125,Symptom 471,Group 70,?,TRUE,FALSE,2 - Medium,Do Not Notify,Problem ID  2,?
INC0000057,New,TRUE,0,0,4,Caller 4416,Opened by  8,2/29/16 6:10,?,?,Updated by 21,03-01-2016 02:54,Phone,Location 204,Subcategory 125,Symptom 471,Group 70,?,TRUE,FALSE,2 - Medium,Do Not Notify,Problem ID  2,?
INC0000057,Resolved,TRUE,0,0,5,Caller 4416,Opened by  8,2/29/16 6:10,?,?,Updated by 21,03-01-2016 02:55,Phone,Location 204,Subcategory 125,Symptom 471,Group 70,Resolver 6,TRUE,FALSE,2 - Medium,Do Not Notify,Problem ID  2,?
INC0000057,Closed,FALSE,0,0,6,Caller 4416,Opened by  8,2/29/16 6:10,?,?,Updated by 908,03-06-2016 03:00,Phone,Location 204,Subcategory 125,Symptom 471,Group 70,Resolver 6,TRUE,FALSE,2 - Medium,Do Not Notify,Problem ID  2,?
INC0000060,New,TRUE,0,0,0,Caller 4491,Opened by  180,2/29/16 6:38,Created by 81,2/29/16 6:42,Updated by 340,2/29/16 6:42,Phone,Location 204,Subcategory 97,Symptom 450,Group 25,Resolver 125,TRUE,FALSE,2 - Medium,Do Not Notify,?,?
INC0000060,Active,TRUE,0,0,1,Caller 4491,Opened by  180,2/29/16 6:38,Created by 81,2/29/16 6:42,Updated by 465,03-02-2016 08:52,Phone,Location 204,Subcategory 97,Symptom 450,Group 25,Resolver 125,TRUE,FALSE,2 - Medium,Do Not Notify,?,?
INC0000060,Resolved,TRUE,0,0,2,Caller 4491,Opened by  180,2/29/16 6:38,Created by 81,2/29/16 6:42,Updated by 465,03-02-2016 12:06,Phone,Location 204,Subcategory 97,Symptom 450,Group 25,Resolver 125,TRUE,FALSE,2 - Medium,Do Not Notify,?,?
INC0000060,Closed,FALSE,0,0,3,Caller 4491,Opened by  180,2/29/16 6:38,Created by 81,2/29/16 6:42,Updated by 908,03-07-2016 13:00,Phone,Location 204,Subcategory 97,Symptom 450,Group 25,Resolver 125,TRUE,FALSE,2 - Medium,Do Not Notify,?,?
INC0000062,New,TRUE,0,0,0,Caller 3765,Opened by  180,2/29/16 6:58,Created by 81,2/29/16 7:26,Updated by 340,2/29/16 7:26,Phone,Location 93,Subcategory 168,Symptom 232,Group 70,?,TRUE,FALSE,2 - Medium,Do Not Notify,?,?
INC0000062,New,TRUE,0,0,1,Caller 3765,Opened by  180,2/29/16 6:58,Created by 81,2/29/16 7:26,Updated by 340,2/29/16 7:29,Phone,Location 93,Subcategory 168,Symptom 232,Group 70,?,TRUE,FALSE,1 - High,Do Not Notify,?,?
INC0000062,New,TRUE,1,0,2,Caller 3765,Opened by  180,2/29/16 6:58,Created by 81,2/29/16 7:26,Updated by 340,2/29/16 7:34,Phone,Location 93,Subcategory 168,Symptom 232,Group 23,?,TRUE,FALSE,1 - High,Do Not Notify,?,?
INC0000062,New,TRUE,1,0,3,Caller 3765,Opened by  180,2/29/16 6:58,Created by 81,2/29/16 7:26,Updated by 804,2/29/16 11:23,Phone,Location 93,Subcategory 168,Symptom 232,Group 23,?,TRUE,FALSE,1 - High,Do Not Notify,?,?
INC0000062,New,TRUE,1,0,4,Caller 3765,Opened by  180,2/29/16 6:58,Created by 81,2/29/16 7:26,Updated by 804,2/29/16 11:28,Phone,Location 93,Subcategory 168,Symptom 232,Group 23,?,TRUE,FALSE,1 - High,Do Not Notify,?,?
INC0000062,New,TRUE,1,0,5,Caller 3765,Opened by  180,2/29/16 6:58,Created by 81,2/29/16 7:26,Updated by 241,2/29/16 15:51,Phone,Location 93,Subcategory 168,Symptom 232,Group 23,?,TRUE,FALSE,1 - High,Do Not Notify,?,?
INC0000062,Resolved,TRUE,1,0,6,Caller 3765,Opened by  180,2/29/16 6:58,Created by 81,2/29/16 7:26,Updated by 241,2/29/16 15:51,Phone,Location 93,Subcategory 168,Symptom 232,Group 23,?,TRUE,FALSE,1 - High,Do Not Notify,?,?
INC0000062,Closed,FALSE,1,0,7,Caller 3765,Opened by  180,2/29/16 6:58,Created by 81,2/29/16 7:26,Updated by 908,03-05-2016 16:00,Phone,Location 93,Subcategory 168,Symptom 232,Group 23,?,TRUE,FALSE,1 - High,Do Not Notify,?,?
INC0000063,New,TRUE,0,0,0,Caller 2146,Opened by  180,2/29/16 7:08,Created by 81,2/29/16 7:17,Updated by 340,2/29/16 7:17,Phone,Location 93,Subcategory 125,Symptom 471,Group 70,?,TRUE,FALSE,2 - Medium,Do Not Notify,?,?
INC0000063,New,TRUE,0,0,1,Caller 2146,Opened by  180,2/29/16 7:08,Created by 81,2/29/16 7:17,Updated by 340,2/29/16 7:23,Phone,Location 93,Subcategory 125,Symptom 471,Group 70,?,TRUE,FALSE,2 - Medium,Do Not Notify,?,?
INC0000063,New,TRUE,0,0,2,Caller 2146,Opened by  180,2/29/16 7:08,Created by 81,2/29/16 7:17,Updated by 340,2/29/16 7:27,Phone,Location 93,Subcategory 125,Symptom 471,Group 70,?,TRUE,FALSE,2 - Medium,Do Not Notify,?,?
INC0000063,New,TRUE,0,0,3,Caller 2146,Opened by  180,2/29/16 7:08,Created by 81,2/29/16 7:17,Updated by 60,2/29/16 7:46,Phone,Location 93,Subcategory 125,Symptom 471,Group 70,?,TRUE,FALSE,2 - Medium,Do Not Notify,?,?
INC0000063,New,TRUE,1,0,4,Caller 2146,Opened by  180,2/29/16 7:08,Created by 81,2/29/16 7:17,Updated by 60,2/29/16 7:46,Phone,Location 93,Subcategory 125,Symptom 471,Group 23,?,TRUE,FALSE,2 - Medium,Do Not Notify,?,?
INC0000063,New,TRUE,1,0,5,Caller 2146,Opened by  180,2/29/16 7:08,Created by 81,2/29/16 7:17,Updated by 241,2/29/16 16:01,Phone,Location 93,Subcategory 125,Symptom 471,Group 23,?,TRUE,FALSE,2 - Medium,Do Not Notify,?,?
INC0000063,Resolved,TRUE,1,0,6,Caller 2146,Opened by  180,2/29/16 7:08,Created by 81,2/29/16 7:17,Updated by 241,2/29/16 16:01,Phone,Location 93,Subcategory 125,Symptom 471,Group 23,?,TRUE,FALSE,2 - Medium,Do Not Notify,?,?
INC0000063,Closed,FALSE,1,0,7,Caller 2146,Opened by  180,2/29/16 7:08,Created by 81,2/29/16 7:17,Updated by 908,03-05-2016 17:00,Phone,Location 93,Subcategory 125,Symptom 471,Group 23,?,TRUE,FALSE,2 - Medium,Do Not Notify,?,?
INC0000064,New,TRUE,0,0,0,Caller 2838,Opened by  131,2/29/16 7:10,Created by 62,2/29/16 7:14,Updated by 265,2/29/16 7:14,Phone,Location 143,Subcategory 168,Symptom 580,Group 70,Resolver 78,TRUE,FALSE,2 - Medium,Do Not Notify,?,?
INC0000064,New,TRUE,0,0,1,Caller 2838,Opened by  131,2/29/16 7:10,Created by 62,2/29/16 7:14,Updated by 265,2/29/16 7:16,Phone,Location 143,Subcategory 168,Symptom 580,Group 70,Resolver 78,TRUE,FALSE,2 - Medium,Do Not Notify,?,?
INC0000064,Active,TRUE,0,0,2,Caller 2838,Opened by  131,2/29/16 7:10,Created by 62,2/29/16 7:14,Updated by 723,2/29/16 13:12,Phone,Location 143,Subcategory 168,Symptom 580,Group 70,Resolver 186,TRUE,FALSE,2 - Medium,Do Not Notify,?,?
INC0000064,Active,TRUE,1,0,3,Caller 2838,Opened by  131,2/29/16 7:10,Created by 62,2/29/16 7:14,Updated by 723,2/29/16 13:13,Phone,Location 143,Subcategory 168,Symptom 580,Group 28,?,TRUE,FALSE,2 - Medium,Do Not Notify,?,?
INC0000064,Active,TRUE,1,0,4,Caller 2838,Opened by  131,2/29/16 7:10,Created by 62,2/29/16 7:14,Updated by 307,03-02-2016 09:17,Phone,Location 143,Subcategory 168,Symptom 580,Group 28,Resolver 78,TRUE,FALSE,2 - Medium,Do Not Notify,?,?
INC0000064,Active,TRUE,1,0,5,Caller 2838,Opened by  131,2/29/16 7:10,Created by 62,2/29/16 7:14,Updated by 307,03-02-2016 12:00,Phone,Location 143,Subcategory 168,Symptom 580,Group 28,Resolver 78,TRUE,FALSE,2 - Medium,Do Not Notify,?,?
INC0000064,Active,TRUE,1,0,6,Caller 2838,Opened by  131,2/29/16 7:10,Created by 62,2/29/16 7:14,Updated by 307,03-03-2016 16:00,Phone,Location 143,Subcategory 168,Symptom 580,Group 28,Resolver 78,TRUE,FALSE,2 - Medium,Do Not Notify,?,?
INC0000064,Resolved,TRUE,1,0,7,Caller 2838,Opened by  131,2/29/16 7:10,Created by 62,2/29/16 7:14,Updated by 307,03-03-2016 16:00,Phone,Location 143,Subcategory 168,Symptom 580,Group 28,Resolver 78,TRUE,FALSE,2 - Medium,Do Not Notify,?,?
INC0000064,Closed,FALSE,1,0,8,Caller 2838,Opened by  131,2/29/16 7:10,Created by 62,2/29/16 7:14,Updated by 908,03-08-2016 17:00,Phone,Location 143,Subcategory 168,Symptom 580,Group 28,Resolver 78,TRUE,FALSE,2 - Medium,Do Not Notify,?,?
INC0000065,New,TRUE,0,0,0,Caller 5323,Opened by  131,2/29/16 7:38,Created by 62,2/29/16 7:46,Updated by 265,2/29/16 7:46,Phone,Location 108,Subcategory 229,Symptom 580,Group 5,Resolver 216,TRUE,FALSE,2 - Medium,Do Not Notify,?,?
INC0000065,New,TRUE,0,0,2,Caller 5323,Opened by  131,2/29/16 7:38,Created by 62,2/29/16 7:46,Updated by 265,2/29/16 7:55,Phone,Location 108,Subcategory 229,Symptom 580,Group 5,Resolver 216,TRUE,FALSE,2 - Medium,Do Not Notify,?,?
INC0000065,New,TRUE,0,0,3,Caller 5323,Opened by  131,2/29/16 7:38,Created by 62,2/29/16 7:46,Updated by 967,2/29/16 8:26,Phone,Location 108,Subcategory 229,Symptom 580,Group 5,Resolver 216,TRUE,FALSE,2 - Medium,Do Not Notify,?,?
INC0000065,New,TRUE,1,0,4,Caller 5323,Opened by  131,2/29/16 7:38,Created by 62,2/29/16 7:46,Updated by 967,2/29/16 8:26,Phone,Location 108,Subcategory 229,Symptom 580,Group 70,Resolver 216,TRUE,FALSE,2 - Medium,Do Not Notify,?,?
INC0000065,New,TRUE,2,0,5,Caller 5323,Opened by  131,2/29/16 7:38,Created by 62,2/29/16 7:46,Updated by 798,2/29/16 9:19,Phone,Location 108,Subcategory 229,Symptom 580,Group 15,Resolver 216,TRUE,FALSE,2 - Medium,Do Not Notify,?,?
INC0000065,New,TRUE,2,0,6,Caller 5323,Opened by  131,2/29/16 7:38,Created by 62,2/29/16 7:46,Updated by 653,2/29/16 9:26,Phone,Location 108,Subcategory 229,Symptom 580,Group 15,Resolver 216,TRUE,FALSE,2 - Medium,Do Not Notify,?,?
INC0000065,New,TRUE,3,0,7,Caller 5323,Opened by  131,2/29/16 7:38,Created by 62,2/29/16 7:46,Updated by 653,2/29/16 9:27,Phone,Location 108,Subcategory 229,Symptom 580,Group 70,Resolver 216,TRUE,FALSE,2 - Medium,Do Not Notify,?,?
INC0000065,New,TRUE,4,0,8,Caller 5323,Opened by  131,2/29/16 7:38,Created by 62,2/29/16 7:46,Updated by 750,2/29/16 11:17,Phone,Location 108,Subcategory 229,Symptom 580,Group 12,Resolver 216,TRUE,FALSE,2 - Medium,Do Not Notify,?,?
INC0000065,New,TRUE,5,0,9,Caller 5323,Opened by  131,2/29/16 7:38,Created by 62,2/29/16 7:46,Updated by 798,2/29/16 14:51,Phone,Location 108,Subcategory 229,Symptom 580,Group 15,Resolver 216,TRUE,FALSE,2 - Medium,Do Not Notify,?,?
INC0000065,New,TRUE,6,0,10,Caller 5323,Opened by  131,2/29/16 7:38,Created by 62,2/29/16 7:46,Updated by 164,03-01-2016 16:52,Phone,Location 108,Subcategory 94,Symptom 311,Group 33,Resolver 216,TRUE,FALSE,2 - Medium,Do Not Notify,?,?
INC0000065,Awaiting User Info,TRUE,6,0,11,Caller 5323,Opened by  131,2/29/16 7:38,Created by 62,2/29/16 7:46,Updated by 862,03-02-2016 15:17,Phone,Location 108,Subcategory 94,Symptom 311,Group 33,Resolver 216,TRUE,FALSE,2 - Medium,Do Not Notify,?,?
INC0000065,Resolved,TRUE,6,0,12,Caller 5323,Opened by  131,2/29/16 7:38,Created by 62,2/29/16 7:46,Updated by 862,03-02-2016 15:21,Phone,Location 108,Subcategory 94,Symptom 311,Group 33,Resolver 216,TRUE,FALSE,2 - Medium,Do Not Notify,?,?
INC0000065,Closed,FALSE,6,0,13,Caller 5323,Opened by  131,2/29/16 7:38,Created by 62,2/29/16 7:46,Updated by 908,03-07-2016 16:00,Phone,Location 108,Subcategory 94,Symptom 311,Group 33,Resolver 216,TRUE,FALSE,2 - Medium,Do Not Notify,?,?
INC0000066,New,TRUE,0,0,0,Caller 3796,Opened by  24,2/29/16 8:03,Created by 13,2/29/16 8:18,Updated by 60,2/29/16 8:18,Phone,Location 161,Subcategory 185,?,Group 70,?,TRUE,FALSE,2 - Medium,Do Not Notify,?,?
INC0000066,New,TRUE,1,0,1,Caller 3796,Opened by  24,2/29/16 8:03,Created by 13,2/29/16 8:18,Updated by 750,2/29/16 11:10,Phone,Location 161,Subcategory 185,?,Group 54,?,TRUE,FALSE,2 - Medium,Do Not Notify,?,?
INC0000066,Resolved,TRUE,1,0,2,Caller 3796,Opened by  24,2/29/16 8:03,Created by 13,2/29/16 8:18,Updated by 874,03-02-2016 14:37,Phone,Location 161,Subcategory 185,?,Group 54,?,TRUE,FALSE,2 - Medium,Do Not Notify,?,?
INC0000066,Closed,FALSE,1,0,3,Caller 3796,Opened by  24,2/29/16 8:03,Created by 13,2/29/16 8:18,Updated by 908,03-07-2016 15:00,Phone,Location 161,Subcategory 185,?,Group 54,?,TRUE,FALSE,2 - Medium,Do Not Notify,?,?
INC0000067,New,TRUE,0,0,0,Caller 442,Opened by  180,2/29/16 8:03,Created by 81,2/29/16 8:05,Updated by 340,2/29/16 8:05,Phone,Location 143,Subcategory 110,Symptom 470,Group 70,Resolver 236,TRUE,FALSE,2 - Medium,Do Not Notify,?,?
INC0000067,New,TRUE,0,0,1,Caller 442,Opened by  180,2/29/16 8:03,Created by 81,2/29/16 8:05,Updated by 340,2/29/16 8:13,Phone,Location 143,Subcategory 110,Symptom 470,Group 70,Resolver 236,TRUE,FALSE,2 - Medium,Do Not Notify,?,?
INC0000067,New,TRUE,0,0,2,Caller 442,Opened by  180,2/29/16 8:03,Created by 81,2/29/16 8:05,Updated by 340,2/29/16 8:15,Phone,Location 143,Subcategory 110,Symptom 470,Group 70,Resolver 236,TRUE,FALSE,2 - Medium,Do Not Notify,?,?
INC0000067,Active,TRUE,0,0,3,Caller 442,Opened by  180,2/29/16 8:03,Created by 81,2/29/16 8:05,Updated by 340,2/29/16 8:16,Phone,Location 143,Subcategory 110,Symptom 470,Group 70,Resolver 17,TRUE,FALSE,2 - Medium,Do Not Notify,?,?
INC0000067,Active,TRUE,0,0,4,Caller 442,Opened by  180,2/29/16 8:03,Created by 81,2/29/16 8:05,Updated by 60,2/29/16 8:30,Phone,Location 143,Subcategory 110,Symptom 470,Group 70,Resolver 17,TRUE,FALSE,2 - Medium,Do Not Notify,?,?
INC0000067,Active,TRUE,1,0,5,Caller 442,Opened by  180,2/29/16 8:03,Created by 81,2/29/16 8:05,Updated by 340,2/29/16 9:43,Phone,Location 143,Subcategory 110,Symptom 470,Group 28,?,TRUE,FALSE,2 - Medium,Do Not Notify,?,?
INC0000067,Active,TRUE,1,0,6,Caller 442,Opened by  180,2/29/16 8:03,Created by 81,2/29/16 8:05,Updated by 340,2/29/16 9:44,Phone,Location 143,Subcategory 110,Symptom 470,Group 28,?,TRUE,FALSE,2 - Medium,Do Not Notify,?,?
INC0000067,Active,TRUE,1,0,7,Caller 442,Opened by  180,2/29/16 8:03,Created by 81,2/29/16 8:05,Updated by 88,2/29/16 9:58,Phone,Location 143,Subcategory 110,Symptom 470,Group 28,?,TRUE,FALSE,2 - Medium,Do Not Notify,?,?
INC0000067,Active,TRUE,1,0,8,Caller 442,Opened by  180,2/29/16 8:03,Created by 81,2/29/16 8:05,Updated by 928,03-02-2016 09:18,Phone,Location 143,Subcategory 110,Symptom 470,Group 28,Resolver 236,TRUE,FALSE,2 - Medium,Do Not Notify,?,?
INC0000067,Resolved,TRUE,1,0,9,Caller 442,Opened by  180,2/29/16 8:03,Created by 81,2/29/16 8:05,Updated by 928,03-02-2016 11:11,Phone,Location 143,Subcategory 110,Symptom 470,Group 28,Resolver 236,TRUE,FALSE,2 - Medium,Do Not Notify,?,?
INC0000067,Closed,FALSE,1,0,10,Caller 442,Opened by  180,2/29/16 8:03,Created by 81,2/29/16 8:05,Updated by 908,03-07-2016 12:00,Phone,Location 143,Subcategory 110,Symptom 470,Group 28,Resolver 236,TRUE,FALSE,2 - Medium,Do Not Notify,?,?
INC0000070,New,TRUE,0,0,0,Caller 3757,Opened by  131,2/29/16 8:11,Created by 62,2/29/16 8:38,Updated by 265,2/29/16 8:38,Phone,Location 46,Subcategory 164,Symptom 592,Group 70,Resolver 31,TRUE,FALSE,2 - Medium,Do Not Notify,?,?
INC0000070,Active,TRUE,0,0,1,Caller 3757,Opened by  131,2/29/16 8:11,Created by 62,2/29/16 8:38,Updated by 723,2/29/16 13:18,Phone,Location 46,Subcategory 164,Symptom 592,Group 70,Resolver 31,TRUE,FALSE,2 - Medium,Do Not Notify,?,?
INC0000070,Active,TRUE,0,0,2,Caller 3757,Opened by  131,2/29/16 8:11,Created by 62,2/29/16 8:38,Updated by 723,2/29/16 13:21,Phone,Location 46,Subcategory 164,Symptom 592,Group 70,Resolver 186,TRUE,FALSE,2 - Medium,Do Not Notify,?,?
INC0000070,Awaiting User Info,TRUE,0,0,3,Caller 3757,Opened by  131,2/29/16 8:11,Created by 62,2/29/16 8:38,Updated by 723,2/29/16 13:26,Phone,Location 46,Subcategory 164,Symptom 592,Group 70,Resolver 186,TRUE,FALSE,2 - Medium,Do Not Notify,?,?
INC0000070,Awaiting User Info,TRUE,1,0,5,Caller 3757,Opened by  131,2/29/16 8:11,Created by 62,2/29/16 8:38,Updated by 336,03-04-2016 11:49,Phone,Location 46,Subcategory 164,Symptom 592,Group 29,?,TRUE,FALSE,2 - Medium,Do Not Notify,?,?
INC0000070,Awaiting User Info,TRUE,1,0,7,Caller 3757,Opened by  131,2/29/16 8:11,Created by 62,2/29/16 8:38,Updated by 135,03-08-2016 09:54,Phone,Location 46,Subcategory 164,Symptom 592,Group 29,?,TRUE,FALSE,2 - Medium,Do Not Notify,?,?
INC0000070,Resolved,TRUE,1,0,8,Caller 3757,Opened by  131,2/29/16 8:11,Created by 62,2/29/16 8:38,Updated by 135,03-08-2016 09:55,Phone,Location 46,Subcategory 164,Symptom 592,Group 29,Resolver 31,TRUE,FALSE,2 - Medium,Do Not Notify,?,?
INC0000070,Closed,FALSE,1,0,9,Caller 3757,Opened by  131,2/29/16 8:11,Created by 62,2/29/16 8:38,Updated by 908,3/24/16 18:40,Phone,Location 46,Subcategory 164,Symptom 592,Group 29,Resolver 31,TRUE,FALSE,2 - Medium,Do Not Notify,?,?
INC0000071,New,TRUE,0,0,0,Caller 271,Opened by  180,2/29/16 8:12,Created by 81,2/29/16 8:17,Updated by 340,2/29/16 8:17,Phone,Location 161,Subcategory 164,Symptom 470,Group 24,Resolver 249,TRUE,FALSE,2 - Medium,Do Not Notify,?,?
INC0000071,New,TRUE,0,0,1,Caller 271,Opened by  180,2/29/16 8:12,Created by 81,2/29/16 8:17,Updated by 974,03-01-2016 08:35,Phone,Location 161,Subcategory 164,Symptom 470,Group 24,Resolver 249,TRUE,FALSE,2 - Medium,Do Not Notify,?,?
INC0000071,New,TRUE,0,0,2,Caller 271,Opened by  180,2/29/16 8:12,Created by 81,2/29/16 8:17,Updated by 974,03-01-2016 08:37,Phone,Location 161,Subcategory 164,Symptom 470,Group 24,Resolver 249,TRUE,FALSE,2 - Medium,Do Not Notify,?,?
INC0000071,New,TRUE,0,0,3,Caller 271,Opened by  180,2/29/16 8:12,Created by 81,2/29/16 8:17,Updated by 974,03-01-2016 08:40,Phone,Location 161,Subcategory 164,Symptom 470,Group 24,Resolver 249,TRUE,FALSE,2 - Medium,Do Not Notify,?,?
INC0000071,Awaiting User Info,TRUE,0,0,4,Caller 271,Opened by  180,2/29/16 8:12,Created by 81,2/29/16 8:17,Updated by 974,03-01-2016 08:40,Phone,Location 161,Subcategory 164,Symptom 470,Group 24,Resolver 249,TRUE,FALSE,2 - Medium,Do Not Notify,?,?
INC0000071,Awaiting User Info,TRUE,0,0,5,Caller 271,Opened by  180,2/29/16 8:12,Created by 81,2/29/16 8:17,Updated by 974,03-01-2016 10:37,Phone,Location 161,Subcategory 164,Symptom 470,Group 24,Resolver 249,TRUE,FALSE,2 - Medium,Do Not Notify,?,?
INC0000071,Resolved,TRUE,0,0,6,Caller 271,Opened by  180,2/29/16 8:12,Created by 81,2/29/16 8:17,Updated by 974,03-01-2016 10:38,Phone,Location 161,Subcategory 164,Symptom 470,Group 24,Resolver 249,TRUE,FALSE,2 - Medium,Do Not Notify,?,?
INC0000071,Closed,FALSE,0,0,7,Caller 271,Opened by  180,2/29/16 8:12,Created by 81,2/29/16 8:17,Updated by 908,03-06-2016 11:00,Phone,Location 161,Subcategory 164,Symptom 470,Group 24,Resolver 249,TRUE,FALSE,2 - Medium,Do Not Notify,?,?
INC0000073,Active,TRUE,0,0,0,Caller 2519,Opened by  40,2/29/16 8:22,Created by 20,2/29/16 8:30,Updated by 88,2/29/16 8:30,Phone,Location 42,Subcategory 271,Symptom 470,Group 70,?,TRUE,FALSE,2 - Medium,Do Not Notify,Problem ID  2,?
INC0000073,Active,TRUE,0,0,2,Caller 2519,Opened by  40,2/29/16 8:22,Created by 20,2/29/16 8:30,Updated by 451,2/29/16 10:06,Phone,Location 42,Subcategory 271,Symptom 470,Group 70,?,TRUE,FALSE,2 - Medium,Do Not Notify,Problem ID  2,?
INC0000073,Active,TRUE,1,0,3,Caller 2519,Opened by  40,2/29/16 8:22,Created by 20,2/29/16 8:30,Updated by 750,2/29/16 11:11,Phone,Location 42,Subcategory 271,Symptom 470,Group 54,?,TRUE,FALSE,2 - Medium,Do Not Notify,Problem ID  2,?
INC0000073,Active,TRUE,1,0,4,Caller 2519,Opened by  40,2/29/16 8:22,Created by 20,2/29/16 8:30,Updated by 874,03-01-2016 15:35,Phone,Location 42,Subcategory 271,Symptom 470,Group 54,?,TRUE,FALSE,2 - Medium,Do Not Notify,Problem ID  2,?
INC0000073,Resolved,TRUE,1,0,5,Caller 2519,Opened by  40,2/29/16 8:22,Created by 20,2/29/16 8:30,Updated by 874,03-01-2016 15:37,Phone,Location 42,Subcategory 271,Symptom 470,Group 54,?,TRUE,FALSE,2 - Medium,Do Not Notify,Problem ID  2,?
INC0000073,Closed,FALSE,1,0,6,Caller 2519,Opened by  40,2/29/16 8:22,Created by 20,2/29/16 8:30,Updated by 908,03-06-2016 16:00,Phone,Location 42,Subcategory 271,Symptom 470,Group 54,?,TRUE,FALSE,2 - Medium,Do Not Notify,Problem ID  2,?
INC0000074,Active,TRUE,0,0,0,Caller 527,Opened by  433,2/29/16 8:23,?,?,Updated by 908,2/29/16 8:23,Phone,Location 204,Subcategory 220,?,Group 66,Resolver 193,TRUE,FALSE,2 - Medium,Do Not Notify,?,?
INC0000074,Awaiting User Info,TRUE,0,0,1,Caller 527,Opened by  433,2/29/16 8:23,?,?,Updated by 804,2/29/16 8:38,Phone,Location 204,Subcategory 220,?,Group 66,Resolver 193,TRUE,FALSE,2 - Medium,Do Not Notify,?,?
INC0000074,Awaiting User Info,TRUE,0,0,2,Caller 527,Opened by  433,2/29/16 8:23,?,?,Updated by 804,2/29/16 14:16,Phone,Location 204,Subcategory 220,?,Group 66,Resolver 193,TRUE,FALSE,2 - Medium,Do Not Notify,?,?
INC0000074,Awaiting User Info,TRUE,0,0,9,Caller 527,Opened by  433,2/29/16 8:23,?,?,Updated by 804,3/21/16 11:07,Phone,Location 204,Subcategory 220,?,Group 66,Resolver 193,TRUE,FALSE,2 - Medium,Do Not Notify,?,CHG0000404
INC0000074,Resolved,TRUE,0,0,18,Caller 527,Opened by  433,2/29/16 8:23,?,?,Updated by 713,04-11-2016 14:39,Phone,Location 204,Subcategory 220,?,Group 66,Resolver 193,TRUE,TRUE,2 - Medium,Do Not Notify,?,CHG0000404
INC0000074,Closed,FALSE,0,0,19,Caller 527,Opened by  433,2/29/16 8:23,?,?,Updated by 908,4/16/16 15:07,Phone,Location 204,Subcategory 220,?,Group 66,Resolver 193,TRUE,TRUE,2 - Medium,Do Not Notify,?,CHG0000404
INC0000076,New,TRUE,0,0,0,Caller 2949,Opened by  180,2/29/16 8:25,Created by 81,2/29/16 8:29,Updated by 340,2/29/16 8:29,Phone,Location 93,Subcategory 224,Symptom 470,Group 23,?,TRUE,FALSE,2 - Medium,Do Not Notify,?,?
INC0000076,Resolved,TRUE,0,0,1,Caller 2949,Opened by  180,2/29/16 8:25,Created by 81,2/29/16 8:29,Updated by 241,2/29/16 16:27,Phone,Location 93,Subcategory 224,Symptom 470,Group 23,?,TRUE,FALSE,2 - Medium,Do Not Notify,?,?
INC0000076,Closed,FALSE,0,0,2,Caller 2949,Opened by  180,2/29/16 8:25,Created by 81,2/29/16 8:29,Updated by 908,03-05-2016 17:00,Phone,Location 93,Subcategory 224,Symptom 470,Group 23,?,TRUE,FALSE,2 - Medium,Do Not Notify,?,?
INC0000077,New,TRUE,0,0,0,Caller 3304,Opened by  180,2/29/16 8:27,?,?,Updated by 908,2/29/16 8:27,Phone,Location 108,Subcategory 9,Symptom 470,Group 70,?,TRUE,FALSE,2 - Medium,Do Not Notify,?,?
INC0000077,New,TRUE,0,0,1,Caller 3304,Opened by  180,2/29/16 8:27,?,?,Updated by 340,2/29/16 8:42,Phone,Location 108,Subcategory 9,Symptom 470,Group 70,?,TRUE,FALSE,2 - Medium,Do Not Notify,?,?
INC0000077,New,TRUE,0,0,2,Caller 3304,Opened by  180,2/29/16 8:27,?,?,Updated by 340,2/29/16 8:43,Phone,Location 108,Subcategory 9,Symptom 470,Group 70,?,TRUE,FALSE,2 - Medium,Do Not Notify,?,?
INC0000077,New,TRUE,0,0,3,Caller 3304,Opened by  180,2/29/16 8:27,?,?,Updated by 340,2/29/16 9:03,Phone,Location 108,Subcategory 9,Symptom 470,Group 70,?,TRUE,FALSE,2 - Medium,Do Not Notify,?,?
INC0000077,Resolved,TRUE,0,0,4,Caller 3304,Opened by  180,2/29/16 8:27,?,?,Updated by 340,2/29/16 9:04,Phone,Location 108,Subcategory 9,Symptom 470,Group 70,?,TRUE,FALSE,2 - Medium,Do Not Notify,?,?
INC0000077,Closed,FALSE,0,0,5,Caller 3304,Opened by  180,2/29/16 8:27,?,?,Updated by 908,03-05-2016 10:00,Phone,Location 108,Subcategory 9,Symptom 470,Group 70,?,TRUE,FALSE,2 - Medium,Do Not Notify,?,?
INC0000079,New,TRUE,0,0,0,Caller 2471,Opened by  180,2/29/16 8:32,?,?,Updated by 908,2/29/16 8:32,Phone,Location 204,Subcategory 291,Symptom 530,Group 70,?,TRUE,FALSE,2 - Medium,Do Not Notify,?,?
INC0000079,New,TRUE,1,0,1,Caller 2471,Opened by  180,2/29/16 8:32,?,?,Updated by 750,2/29/16 11:14,Phone,Location 204,Subcategory 170,Symptom 470,Group 65,?,TRUE,FALSE,2 - Medium,Do Not Notify,?,?
INC0000079,Active,TRUE,1,0,2,Caller 2471,Opened by  180,2/29/16 8:32,?,?,Updated by 199,2/29/16 11:19,Phone,Location 204,Subcategory 170,Symptom 470,Group 65,Resolver 180,TRUE,FALSE,2 - Medium,Do Not Notify,?,?
INC0000079,Resolved,TRUE,1,0,3,Caller 2471,Opened by  180,2/29/16 8:32,?,?,Updated by 664,2/29/16 11:20,Phone,Location 204,Subcategory 170,Symptom 470,Group 65,Resolver 180,TRUE,FALSE,2 - Medium,Do Not Notify,?,?
INC0000079,Closed,FALSE,1,0,4,Caller 2471,Opened by  180,2/29/16 8:32,?,?,Updated by 908,03-05-2016 12:00,Phone,Location 204,Subcategory 170,Symptom 470,Group 65,Resolver 180,TRUE,FALSE,2 - Medium,Do Not Notify,?,?
INC0000080,New,TRUE,0,0,0,Caller 1194,Opened by  24,2/29/16 8:33,?,?,Updated by 908,2/29/16 8:33,Phone,Location 229,Subcategory 9,Symptom 4,Group 70,?,TRUE,FALSE,2 - Medium,Do Not Notify,?,?
INC0000080,New,TRUE,0,0,1,Caller 1194,Opened by  24,2/29/16 8:33,?,?,Updated by 60,2/29/16 8:43,Phone,Location 229,Subcategory 9,Symptom 4,Group 70,?,TRUE,FALSE,2 - Medium,Do Not Notify,?,?
INC0000080,New,TRUE,0,0,2,Caller 1194,Opened by  24,2/29/16 8:33,?,?,Updated by 60,2/29/16 8:58,Phone,Location 229,Subcategory 9,Symptom 4,Group 70,?,TRUE,FALSE,2 - Medium,Do Not Notify,?,?
INC0000080,New,TRUE,0,0,3,Caller 1194,Opened by  24,2/29/16 8:33,?,?,Updated by 723,2/29/16 12:49,Phone,Location 229,Subcategory 9,Symptom 4,Group 70,?,TRUE,FALSE,2 - Medium,Do Not Notify,?,?
INC0000080,New,TRUE,0,0,4,Caller 1194,Opened by  24,2/29/16 8:33,?,?,Updated by 578,2/29/16 20:31,Phone,Location 229,Subcategory 9,Symptom 4,Group 70,?,TRUE,FALSE,2 - Medium,Do Not Notify,?,?
INC0000080,Active,TRUE,0,0,5,Caller 1194,Opened by  24,2/29/16 8:33,?,?,Updated by 111,2/29/16 23:13,Phone,Location 229,Subcategory 9,Symptom 4,Group 70,?,TRUE,FALSE,2 - Medium,Do Not Notify,?,?
INC0000080,Resolved,TRUE,0,0,6,Caller 1194,Opened by  24,2/29/16 8:33,?,?,Updated by 60,03-02-2016 11:40,Phone,Location 229,Subcategory 9,Symptom 4,Group 70,?,TRUE,FALSE,2 - Medium,Do Not Notify,?,?
INC0000080,Closed,FALSE,0,0,7,Caller 1194,Opened by  24,2/29/16 8:33,?,?,Updated by 908,03-07-2016 12:00,Phone,Location 229,Subcategory 9,Symptom 4,Group 70,?,TRUE,FALSE,2 - Medium,Do Not Notify,?,?
INC0000083,New,TRUE,0,0,0,Caller 4866,Opened by  131,2/29/16 8:39,Created by 62,2/29/16 8:56,Updated by 265,2/29/16 8:56,Phone,Location 93,Subcategory 164,Symptom 583,Group 70,?,TRUE,FALSE,3 - Low,Do Not Notify,Problem ID  2,?
INC0000083,New,TRUE,1,0,1,Caller 4866,Opened by  131,2/29/16 8:39,Created by 62,2/29/16 8:56,Updated by 750,2/29/16 9:19,Phone,Location 93,Subcategory 164,Symptom 583,Group 23,?,TRUE,FALSE,3 - Low,Do Not Notify,Problem ID  2,?
INC0000083,New,TRUE,1,0,2,Caller 4866,Opened by  131,2/29/16 8:39,Created by 62,2/29/16 8:56,Updated by 451,2/29/16 10:06,Phone,Location 93,Subcategory 164,Symptom 583,Group 23,?,TRUE,FALSE,3 - Low,Do Not Notify,Problem ID  2,?
INC0000083,Resolved,TRUE,1,0,3,Caller 4866,Opened by  131,2/29/16 8:39,Created by 62,2/29/16 8:56,Updated by 241,2/29/16 16:05,Phone,Location 93,Subcategory 164,Symptom 583,Group 23,?,TRUE,FALSE,3 - Low,Do Not Notify,Problem ID  2,?
INC0000083,Closed,FALSE,1,0,4,Caller 4866,Opened by  131,2/29/16 8:39,Created by 62,2/29/16 8:56,Updated by 908,03-05-2016 17:00,Phone,Location 93,Subcategory 164,Symptom 583,Group 23,?,TRUE,FALSE,3 - Low,Do Not Notify,Problem ID  2,?
INC0000084,Active,TRUE,0,0,0,Caller 3038,Opened by  433,2/29/16 8:39,?,?,Updated by 908,2/29/16 8:39,Phone,Location 204,Subcategory 220,Symptom 253,Group 66,Resolver 175,TRUE,FALSE,3 - Low,Do Not Notify,?,?
INC0000084,Awaiting User Info,TRUE,0,0,1,Caller 3038,Opened by  433,2/29/16 8:39,?,?,Updated by 804,2/29/16 9:11,Phone,Location 204,Subcategory 220,Symptom 253,Group 66,Resolver 175,TRUE,FALSE,3 - Low,Do Not Notify,?,?
INC0000084,Awaiting User Info,TRUE,0,0,2,Caller 3038,Opened by  433,2/29/16 8:39,?,?,Updated by 804,2/29/16 14:26,Phone,Location 204,Subcategory 220,Symptom 253,Group 66,Resolver 175,TRUE,FALSE,3 - Low,Do Not Notify,?,?
INC0000084,Awaiting User Info,TRUE,0,0,14,Caller 3038,Opened by  433,2/29/16 8:39,?,?,Updated by 713,04-05-2016 06:26,Phone,Location 204,Subcategory 220,Symptom 253,Group 66,Resolver 175,TRUE,FALSE,3 - Low,Do Not Notify,?,CHG0000647
INC0000084,Resolved,TRUE,0,0,18,Caller 3038,Opened by  433,2/29/16 8:39,?,?,Updated by 713,04-12-2016 14:46,Phone,Location 204,Subcategory 220,Symptom 253,Group 66,Resolver 175,TRUE,TRUE,3 - Low,Do Not Notify,?,CHG0000647
INC0000084,Closed,FALSE,0,0,19,Caller 3038,Opened by  433,2/29/16 8:39,?,?,Updated by 908,4/17/16 15:07,Phone,Location 204,Subcategory 220,Symptom 253,Group 66,Resolver 175,TRUE,TRUE,3 - Low,Do Not Notify,?,CHG0000647
INC0000085,New,TRUE,0,0,0,Caller 917,Opened by  180,2/29/16 8:41,Created by 81,2/29/16 8:47,Updated by 340,2/29/16 8:47,Phone,Location 161,Subcategory 125,Symptom 470,Group 54,?,TRUE,FALSE,2 - Medium,Do Not Notify,Problem ID  2,?
INC0000085,New,TRUE,0,0,4,Caller 917,Opened by  180,2/29/16 8:41,Created by 81,2/29/16 8:47,Updated by 451,2/29/16 10:07,Phone,Location 161,Subcategory 125,Symptom 470,Group 54,?,TRUE,FALSE,2 - Medium,Do Not Notify,Problem ID  2,?
INC0000085,Resolved,TRUE,0,0,5,Caller 917,Opened by  180,2/29/16 8:41,Created by 81,2/29/16 8:47,Updated by 874,03-02-2016 14:44,Phone,Location 161,Subcategory 125,Symptom 470,Group 54,?,TRUE,FALSE,2 - Medium,Do Not Notify,Problem ID  2,?
INC0000085,Closed,FALSE,0,0,6,Caller 917,Opened by  180,2/29/16 8:41,Created by 81,2/29/16 8:47,Updated by 908,03-07-2016 15:00,Phone,Location 161,Subcategory 125,Symptom 470,Group 54,?,TRUE,FALSE,2 - Medium,Do Not Notify,Problem ID  2,?
INC0000086,New,TRUE,0,0,0,Caller 2403,Opened by  24,2/29/16 8:43,Created by 13,2/29/16 8:49,Updated by 60,2/29/16 8:49,Phone,Location 93,Subcategory 164,Symptom 471,Group 70,?,TRUE,FALSE,2 - Medium,Do Not Notify,Problem ID  2,?
INC0000086,New,TRUE,0,0,1,Caller 2403,Opened by  24,2/29/16 8:43,Created by 13,2/29/16 8:49,Updated by 60,2/29/16 8:49,Phone,Location 98,Subcategory 164,Symptom 471,Group 70,?,TRUE,FALSE,2 - Medium,Do Not Notify,Problem ID  2,?
INC0000086,New,TRUE,0,0,2,Caller 2403,Opened by  24,2/29/16 8:43,Created by 13,2/29/16 8:49,Updated by 60,2/29/16 8:50,Phone,Location 98,Subcategory 164,Symptom 471,Group 70,?,TRUE,FALSE,2 - Medium,Do Not Notify,Problem ID  2,?
INC0000086,New,TRUE,0,0,3,Caller 2403,Opened by  24,2/29/16 8:43,Created by 13,2/29/16 8:49,Updated by 60,2/29/16 8:53,Phone,Location 98,Subcategory 164,Symptom 471,Group 70,?,TRUE,FALSE,2 - Medium,Do Not Notify,Problem ID  2,?
INC0000086,New,TRUE,1,0,4,Caller 2403,Opened by  24,2/29/16 8:43,Created by 13,2/29/16 8:49,Updated by 60,2/29/16 8:54,Phone,Location 98,Subcategory 164,Symptom 471,Group 23,?,TRUE,FALSE,2 - Medium,Do Not Notify,Problem ID  2,?
INC0000086,New,TRUE,1,0,5,Caller 2403,Opened by  24,2/29/16 8:43,Created by 13,2/29/16 8:49,Updated by 451,2/29/16 10:07,Phone,Location 98,Subcategory 164,Symptom 471,Group 23,?,TRUE,FALSE,2 - Medium,Do Not Notify,Problem ID  2,?
INC0000086,New,TRUE,1,0,6,Caller 2403,Opened by  24,2/29/16 8:43,Created by 13,2/29/16 8:49,Updated by 241,03-01-2016 15:40,Phone,Location 98,Subcategory 164,Symptom 471,Group 23,?,TRUE,FALSE,2 - Medium,Do Not Notify,Problem ID  2,?
INC0000086,Resolved,TRUE,1,0,7,Caller 2403,Opened by  24,2/29/16 8:43,Created by 13,2/29/16 8:49,Updated by 241,03-01-2016 15:45,Phone,Location 98,Subcategory 164,Symptom 471,Group 23,?,TRUE,FALSE,2 - Medium,Do Not Notify,Problem ID  2,?
INC0000086,Closed,FALSE,1,0,8,Caller 2403,Opened by  24,2/29/16 8:43,Created by 13,2/29/16 8:49,Updated by 908,03-06-2016 16:00,Phone,Location 98,Subcategory 164,Symptom 471,Group 23,?,TRUE,FALSE,2 - Medium,Do Not Notify,Problem ID  2,?
INC0000087,New,TRUE,0,0,0,Caller 950,Opened by  180,2/29/16 8:47,Created by 81,2/29/16 8:56,Updated by 340,2/29/16 8:56,Phone,Location 69,Subcategory 194,?,Group 54,?,TRUE,FALSE,2 - Medium,Do Not Notify,Problem ID  2,?
INC0000087,New,TRUE,0,0,1,Caller 950,Opened by  180,2/29/16 8:47,Created by 81,2/29/16 8:56,Updated by 451,2/29/16 10:07,Phone,Location 69,Subcategory 194,?,Group 54,?,TRUE,FALSE,2 - Medium,Do Not Notify,Problem ID  2,?
INC0000087,Resolved,TRUE,0,0,2,Caller 950,Opened by  180,2/29/16 8:47,Created by 81,2/29/16 8:56,Updated by 874,03-02-2016 14:46,Phone,Location 69,Subcategory 194,?,Group 54,?,TRUE,FALSE,2 - Medium,Do Not Notify,Problem ID  2,?
INC0000087,Closed,FALSE,0,0,3,Caller 950,Opened by  180,2/29/16 8:47,Created by 81,2/29/16 8:56,Updated by 908,03-07-2016 15:00,Phone,Location 69,Subcategory 194,?,Group 54,?,TRUE,FALSE,2 - Medium,Do Not Notify,Problem ID  2,?
INC0000088,New,TRUE,0,0,0,Caller 388,Opened by  180,2/29/16 8:48,?,?,Updated by 908,2/29/16 8:48,Phone,Location 93,Subcategory 224,Symptom 4,Group 70,?,TRUE,FALSE,2 - Medium,Do Not Notify,?,?
INC0000088,Resolved,TRUE,0,0,1,Caller 388,Opened by  180,2/29/16 8:48,?,?,Updated by 340,2/29/16 9:05,Phone,Location 93,Subcategory 224,Symptom 4,Group 70,?,TRUE,FALSE,2 - Medium,Do Not Notify,?,?
INC0000088,Closed,FALSE,0,0,2,Caller 388,Opened by  180,2/29/16 8:48,?,?,Updated by 908,03-05-2016 10:00,Phone,Location 93,Subcategory 224,Symptom 4,Group 70,?,TRUE,FALSE,2 - Medium,Do Not Notify,?,?
INC0000089,Active,TRUE,0,0,0,Caller 4907,Opened by  180,2/29/16 8:51,Created by 81,2/29/16 9:03,Updated by 340,2/29/16 9:03,Phone,Location 108,Subcategory 106,Symptom 2,Group 68,Resolver 97,TRUE,FALSE,2 - Medium,Do Not Notify,?,?
INC0000089,Active,TRUE,0,0,1,Caller 4907,Opened by  180,2/29/16 8:51,Created by 81,2/29/16 9:03,Updated by 653,2/29/16 9:14,Phone,Location 108,Subcategory 106,Symptom 2,Group 68,Resolver 97,TRUE,FALSE,2 - Medium,Do Not Notify,?,?
INC0000089,Active,TRUE,1,0,2,Caller 4907,Opened by  180,2/29/16 8:51,Created by 81,2/29/16 9:03,Updated by 653,2/29/16 9:14,Phone,Location 108,Subcategory 106,Symptom 2,Group 70,?,TRUE,FALSE,2 - Medium,Do Not Notify,?,?
INC0000089,Active,TRUE,2,0,3,Caller 4907,Opened by  180,2/29/16 8:51,Created by 81,2/29/16 9:03,Updated by 798,2/29/16 9:14,Phone,Location 108,Subcategory 191,Symptom 2,Group 58,Resolver 76,TRUE,FALSE,2 - Medium,Do Not Notify,?,?
INC0000089,Active,TRUE,3,0,4,Caller 4907,Opened by  180,2/29/16 8:51,Created by 81,2/29/16 9:03,Updated by 310,03-02-2016 11:42,Phone,Location 108,Subcategory 191,Symptom 2,Group 33,?,TRUE,FALSE,2 - Medium,Do Not Notify,?,?
INC0000089,Awaiting Problem,TRUE,3,0,5,Caller 4907,Opened by  180,2/29/16 8:51,Created by 81,2/29/16 9:03,Updated by 862,03-02-2016 14:20,Phone,Location 108,Subcategory 94,Symptom 26,Group 33,Resolver 216,TRUE,FALSE,2 - Medium,Do Not Notify,?,?
INC0000089,Awaiting Problem,TRUE,3,0,6,Caller 4907,Opened by  180,2/29/16 8:51,Created by 81,2/29/16 9:03,Updated by 862,03-02-2016 14:27,Phone,Location 108,Subcategory 94,Symptom 470,Group 33,Resolver 216,TRUE,FALSE,2 - Medium,Do Not Notify,?,?
INC0000089,Awaiting Problem,TRUE,3,0,7,Caller 4907,Opened by  180,2/29/16 8:51,Created by 81,2/29/16 9:03,Updated by 862,03-02-2016 14:30,Phone,Location 108,Subcategory 94,Symptom 609,Group 33,Resolver 216,TRUE,FALSE,2 - Medium,Do Not Notify,?,?
INC0000089,Resolved,TRUE,3,0,8,Caller 4907,Opened by  180,2/29/16 8:51,Created by 81,2/29/16 9:03,Updated by 862,03-03-2016 14:35,Phone,Location 108,Subcategory 94,Symptom 609,Group 33,Resolver 216,TRUE,FALSE,2 - Medium,Do Not Notify,?,?
INC0000089,Closed,FALSE,3,0,9,Caller 4907,Opened by  180,2/29/16 8:51,Created by 81,2/29/16 9:03,Updated by 908,03-08-2016 15:00,Phone,Location 108,Subcategory 94,Symptom 609,Group 33,Resolver 216,TRUE,FALSE,2 - Medium,Do Not Notify,?,?
INC0000092,Active,TRUE,0,0,0,Caller 1811,Opened by  40,2/29/16 8:55,?,?,Updated by 908,2/29/16 8:55,Phone,Location 172,Subcategory 271,Symptom 470,Group 27,?,TRUE,FALSE,2 - Medium,Do Not Notify,?,?
INC0000092,Active,TRUE,0,0,1,Caller 1811,Opened by  40,2/29/16 8:55,?,?,Updated by 451,2/29/16 10:07,Phone,Location 172,Subcategory 271,Symptom 470,Group 27,?,TRUE,FALSE,2 - Medium,Do Not Notify,Problem ID  2,?
INC0000092,Active,TRUE,1,0,2,Caller 1811,Opened by  40,2/29/16 8:55,?,?,Updated by 336,2/29/16 13:55,Phone,Location 172,Subcategory 271,Symptom 470,Group 72,?,TRUE,FALSE,2 - Medium,Do Not Notify,Problem ID  2,?
INC0000092,Resolved,TRUE,1,0,5,Caller 1811,Opened by  40,2/29/16 8:55,?,?,Updated by 402,03-07-2016 08:45,Phone,Location 172,Subcategory 271,Symptom 470,Group 72,?,TRUE,FALSE,2 - Medium,Do Not Notify,Problem ID  2,?
INC0000092,Closed,FALSE,1,0,6,Caller 1811,Opened by  40,2/29/16 8:55,?,?,Updated by 908,03-12-2016 09:00,Phone,Location 172,Subcategory 271,Symptom 470,Group 72,?,TRUE,FALSE,2 - Medium,Do Not Notify,Problem ID  2,?
INC0000093,Resolved,TRUE,0,0,0,Caller 3545,Opened by  131,2/29/16 8:56,?,?,Updated by 908,2/29/16 8:56,Phone,Location 93,Subcategory 164,Symptom 580,Group 70,?,TRUE,FALSE,2 - Medium,Do Not Notify,?,?
INC0000093,Closed,FALSE,0,0,1,Caller 3545,Opened by  131,2/29/16 8:56,?,?,Updated by 908,03-05-2016 10:00,Phone,Location 93,Subcategory 164,Symptom 580,Group 70,?,TRUE,FALSE,2 - Medium,Do Not Notify,?,?
INC0000094,Active,TRUE,0,0,0,Caller 387,Opened by  433,2/29/16 8:58,?,?,Updated by 908,2/29/16 8:58,Phone,Location 204,Subcategory 220,?,Group 66,Resolver 193,TRUE,FALSE,3 - Low,Do Not Notify,?,?
INC0000094,Awaiting User Info,TRUE,0,0,1,Caller 387,Opened by  433,2/29/16 8:58,?,?,Updated by 804,2/29/16 9:11,Phone,Location 204,Subcategory 220,?,Group 66,Resolver 193,TRUE,FALSE,3 - Low,Do Not Notify,?,?
INC0000094,Awaiting User Info,TRUE,0,0,2,Caller 387,Opened by  433,2/29/16 8:58,?,?,Updated by 804,2/29/16 14:24,Phone,Location 204,Subcategory 220,?,Group 66,Resolver 193,TRUE,FALSE,3 - Low,Do Not Notify,?,?
INC0000094,Resolved,TRUE,0,0,9,Caller 387,Opened by  433,2/29/16 8:58,?,?,Updated by 804,03-10-2016 10:45,Phone,Location 204,Subcategory 220,?,Group 66,Resolver 193,TRUE,FALSE,3 - Low,Do Not Notify,?,?
INC0000094,Closed,FALSE,0,0,10,Caller 387,Opened by  433,2/29/16 8:58,?,?,Updated by 908,3/24/16 18:50,Phone,Location 204,Subcategory 220,?,Group 66,Resolver 193,TRUE,FALSE,3 - Low,Do Not Notify,?,?
INC0000098,New,TRUE,0,0,0,Caller 4043,Opened by  24,2/29/16 9:02,Created by 13,2/29/16 9:08,Updated by 60,2/29/16 9:08,Phone,Location 108,Subcategory 125,Symptom 471,Group 70,?,TRUE,FALSE,2 - Medium,Do Not Notify,Problem ID  2,?
INC0000098,New,TRUE,0,0,1,Caller 4043,Opened by  24,2/29/16 9:02,Created by 13,2/29/16 9:08,Updated by 60,2/29/16 9:11,Phone,Location 108,Subcategory 194,Symptom 471,Group 70,?,TRUE,FALSE,2 - Medium,Do Not Notify,Problem ID  2,?
INC0000098,New,TRUE,1,0,2,Caller 4043,Opened by  24,2/29/16 9:02,Created by 13,2/29/16 9:08,Updated by 60,2/29/16 9:12,Phone,Location 108,Subcategory 194,Symptom 471,Group 54,?,TRUE,FALSE,2 - Medium,Do Not Notify,Problem ID  2,?
INC0000098,New,TRUE,1,0,3,Caller 4043,Opened by  24,2/29/16 9:02,Created by 13,2/29/16 9:08,Updated by 451,2/29/16 10:07,Phone,Location 108,Subcategory 194,Symptom 471,Group 54,?,TRUE,FALSE,2 - Medium,Do Not Notify,Problem ID  2,?
INC0000098,Resolved,TRUE,1,0,4,Caller 4043,Opened by  24,2/29/16 9:02,Created by 13,2/29/16 9:08,Updated by 874,03-02-2016 14:51,Phone,Location 108,Subcategory 194,Symptom 471,Group 54,?,TRUE,FALSE,2 - Medium,Do Not Notify,Problem ID  2,?
INC0000098,Closed,FALSE,1,0,5,Caller 4043,Opened by  24,2/29/16 9:02,Created by 13,2/29/16 9:08,Updated by 908,03-07-2016 15:00,Phone,Location 108,Subcategory 194,Symptom 471,Group 54,?,TRUE,FALSE,2 - Medium,Do Not Notify,Problem ID  2,?
INC0000099,New,TRUE,0,0,0,Caller 5410,Opened by  180,2/29/16 9:03,Created by 81,2/29/16 9:06,Updated by 340,2/29/16 9:06,Phone,Location 51,Subcategory 164,Symptom 529,Group 70,Resolver 201,TRUE,FALSE,2 - Medium,Do Not Notify,?,?
INC0000099,New,TRUE,1,0,1,Caller 5410,Opened by  180,2/29/16 9:03,Created by 81,2/29/16 9:06,Updated by 750,2/29/16 9:13,Phone,Location 51,Subcategory 164,Symptom 529,Group 30,Resolver 201,TRUE,FALSE,2 - Medium,Do Not Notify,?,?
INC0000099,Resolved,TRUE,1,0,2,Caller 5410,Opened by  180,2/29/16 9:03,Created by 81,2/29/16 9:06,Updated by 789,03-01-2016 09:05,Phone,Location 51,Subcategory 164,Symptom 529,Group 30,Resolver 201,TRUE,FALSE,2 - Medium,Do Not Notify,?,?
INC0000099,Closed,FALSE,1,0,3,Caller 5410,Opened by  180,2/29/16 9:03,Created by 81,2/29/16 9:06,Updated by 908,03-06-2016 10:00,Phone,Location 51,Subcategory 164,Symptom 529,Group 30,Resolver 201,TRUE,FALSE,2 - Medium,Do Not Notify,?,?
INC0000100,Active,TRUE,0,0,0,Caller 3082,Opened by  40,2/29/16 9:05,Created by 20,2/29/16 9:11,Updated by 88,2/29/16 9:11,Phone,Location 161,Subcategory 271,Symptom 470,Group 54,?,TRUE,FALSE,2 - Medium,Do Not Notify,Problem ID  2,?
INC0000100,Active,TRUE,0,0,1,Caller 3082,Opened by  40,2/29/16 9:05,Created by 20,2/29/16 9:11,Updated by 451,2/29/16 10:07,Phone,Location 161,Subcategory 271,Symptom 470,Group 54,?,TRUE,FALSE,2 - Medium,Do Not Notify,Problem ID  2,?
INC0000100,Resolved,TRUE,0,0,2,Caller 3082,Opened by  40,2/29/16 9:05,Created by 20,2/29/16 9:11,Updated by 874,03-02-2016 14:53,Phone,Location 161,Subcategory 271,Symptom 470,Group 54,?,TRUE,FALSE,2 - Medium,Do Not Notify,Problem ID  2,?
INC0000100,Closed,FALSE,0,0,3,Caller 3082,Opened by  40,2/29/16 9:05,Created by 20,2/29/16 9:11,Updated by 908,03-07-2016 15:00,Phone,Location 161,Subcategory 271,Symptom 470,Group 54,?,TRUE,FALSE,2 - Medium,Do Not Notify,Problem ID  2,?
INC0000101,New,TRUE,0,0,0,Caller 1892,Opened by  180,2/29/16 9:05,Created by 81,2/29/16 9:13,Updated by 340,2/29/16 9:13,Phone,Location 143,Subcategory 224,Symptom 560,Group 65,Resolver 180,TRUE,FALSE,2 - Medium,Do Not Notify,?,?
INC0000101,New,TRUE,0,0,1,Caller 1892,Opened by  180,2/29/16 9:05,Created by 81,2/29/16 9:13,Updated by 798,2/29/16 9:42,Phone,Location 143,Subcategory 170,Symptom 273,Group 65,Resolver 180,TRUE,FALSE,2 - Medium,Do Not Notify,?,?
INC0000101,Active,TRUE,0,0,2,Caller 1892,Opened by  180,2/29/16 9:05,Created by 81,2/29/16 9:13,Updated by 15,2/29/16 10:28,Phone,Location 143,Subcategory 170,Symptom 273,Group 65,Resolver 180,TRUE,FALSE,2 - Medium,Do Not Notify,?,?
INC0000101,Active,TRUE,0,0,3,Caller 1892,Opened by  180,2/29/16 9:05,Created by 81,2/29/16 9:13,Updated by 664,2/29/16 10:59,Phone,Location 143,Subcategory 170,Symptom 273,Group 65,Resolver 180,TRUE,FALSE,2 - Medium,Do Not Notify,?,?
INC0000101,Active,TRUE,0,0,4,Caller 1892,Opened by  180,2/29/16 9:05,Created by 81,2/29/16 9:13,Updated by 664,2/29/16 10:59,Phone,Location 143,Subcategory 170,Symptom 273,Group 65,Resolver 180,TRUE,FALSE,2 - Medium,Do Not Notify,?,?
INC0000101,Resolved,TRUE,0,0,5,Caller 1892,Opened by  180,2/29/16 9:05,Created by 81,2/29/16 9:13,Updated by 664,2/29/16 11:00,Phone,Location 143,Subcategory 170,Symptom 273,Group 65,Resolver 180,TRUE,FALSE,2 - Medium,Do Not Notify,?,?
INC0000101,Closed,FALSE,0,0,6,Caller 1892,Opened by  180,2/29/16 9:05,Created by 81,2/29/16 9:13,Updated by 908,03-05-2016 12:00,Phone,Location 143,Subcategory 170,Symptom 273,Group 65,Resolver 180,TRUE,FALSE,2 - Medium,Do Not Notify,?,?
INC0000102,New,TRUE,0,0,0,Caller 307,Opened by  131,2/29/16 9:06,Created by 62,2/29/16 9:13,Updated by 265,2/29/16 9:13,Phone,Location 46,Subcategory 135,Symptom 87,Group 70,Resolver 31,TRUE,FALSE,2 - Medium,Do Not Notify,?,?
INC0000102,New,TRUE,0,0,1,Caller 307,Opened by  131,2/29/16 9:06,Created by 62,2/29/16 9:13,Updated by 111,2/29/16 20:08,Phone,Location 46,Subcategory 135,Symptom 87,Group 70,Resolver 31,TRUE,FALSE,2 - Medium,Do Not Notify,?,?
INC0000102,Awaiting User Info,TRUE,0,0,2,Caller 307,Opened by  131,2/29/16 9:06,Created by 62,2/29/16 9:13,Updated by 111,2/29/16 20:09,Phone,Location 46,Subcategory 135,Symptom 87,Group 70,Resolver 31,TRUE,FALSE,2 - Medium,Do Not Notify,?,?
INC0000102,Awaiting User Info,TRUE,0,0,3,Caller 307,Opened by  131,2/29/16 9:06,Created by 62,2/29/16 9:13,Updated by 429,03-02-2016 17:38,Phone,Location 46,Subcategory 135,Symptom 87,Group 70,Resolver 31,TRUE,FALSE,2 - Medium,Do Not Notify,?,?
INC0000102,Awaiting User Info,TRUE,0,0,4,Caller 307,Opened by  131,2/29/16 9:06,Created by 62,2/29/16 9:13,Updated by 750,03-03-2016 14:17,Phone,Location 46,Subcategory 135,Symptom 87,Group 70,Resolver 31,TRUE,FALSE,2 - Medium,Do Not Notify,?,?
INC0000102,Awaiting User Info,TRUE,0,0,5,Caller 307,Opened by  131,2/29/16 9:06,Created by 62,2/29/16 9:13,Updated by 727,03-03-2016 17:27,Phone,Location 46,Subcategory 135,Symptom 87,Group 70,Resolver 31,TRUE,FALSE,2 - Medium,Do Not Notify,?,?
INC0000102,Active,TRUE,0,0,6,Caller 307,Opened by  131,2/29/16 9:06,Created by 62,2/29/16 9:13,Updated by 727,03-03-2016 17:29,Phone,Location 46,Subcategory 135,Symptom 87,Group 70,Resolver 31,TRUE,FALSE,2 - Medium,Do Not Notify,?,?
INC0000102,Active,TRUE,1,0,7,Caller 307,Opened by  131,2/29/16 9:06,Created by 62,2/29/16 9:13,Updated by 451,03-04-2016 11:15,Phone,Location 46,Subcategory 135,Symptom 87,Group 50,Resolver 31,TRUE,FALSE,2 - Medium,Do Not Notify,?,?
INC0000102,Active,TRUE,1,0,8,Caller 307,Opened by  131,2/29/16 9:06,Created by 62,2/29/16 9:13,Updated by 259,03-04-2016 12:16,Phone,Location 46,Subcategory 135,Symptom 87,Group 50,Resolver 31,TRUE,FALSE,2 - Medium,Do Not Notify,?,?
INC0000102,Active,TRUE,2,0,9,Caller 307,Opened by  131,2/29/16 9:06,Created by 62,2/29/16 9:13,Updated by 259,03-04-2016 12:17,Phone,Location 46,Subcategory 135,Symptom 87,Group 70,Resolver 31,TRUE,FALSE,2 - Medium,Do Not Notify,?,?
INC0000102,Active,TRUE,3,0,10,Caller 307,Opened by  131,2/29/16 9:06,Created by 62,2/29/16 9:13,Updated by 336,03-04-2016 14:08,Phone,Location 46,Subcategory 135,Symptom 87,Group 29,Resolver 31,TRUE,FALSE,2 - Medium,Do Not Notify,?,?
INC0000102,Active,TRUE,4,0,11,Caller 307,Opened by  131,2/29/16 9:06,Created by 62,2/29/16 9:13,Updated by 135,03-04-2016 15:51,Phone,Location 46,Subcategory 135,Symptom 87,Group 23,Resolver 31,TRUE,FALSE,2 - Medium,Do Not Notify,?,?
INC0000102,Awaiting User Info,TRUE,4,0,12,Caller 307,Opened by  131,2/29/16 9:06,Created by 62,2/29/16 9:13,Updated by 507,03-07-2016 11:50,Phone,Location 46,Subcategory 135,Symptom 87,Group 23,Resolver 31,TRUE,FALSE,2 - Medium,Do Not Notify,?,?
INC0000102,Awaiting User Info,TRUE,4,0,14,Caller 307,Opened by  131,2/29/16 9:06,Created by 62,2/29/16 9:13,Updated by 507,03-11-2016 11:53,Phone,Location 46,Subcategory 135,Symptom 87,Group 23,Resolver 31,TRUE,FALSE,2 - Medium,Do Not Notify,?,?
INC0000102,Awaiting User Info,TRUE,4,0,15,Caller 307,Opened by  131,2/29/16 9:06,Created by 62,2/29/16 9:13,Updated by 135,3/14/16 8:12,Phone,Location 46,Subcategory 135,Symptom 87,Group 23,Resolver 31,TRUE,FALSE,2 - Medium,Do Not Notify,?,?
INC0000102,Resolved,TRUE,4,0,16,Caller 307,Opened by  131,2/29/16 9:06,Created by 62,2/29/16 9:13,Updated by 135,3/14/16 8:13,Phone,Location 46,Subcategory 135,Symptom 87,Group 23,Resolver 31,TRUE,FALSE,2 - Medium,Do Not Notify,?,?
INC0000102,Active,TRUE,4,1,17,Caller 307,Opened by  131,2/29/16 9:06,Created by 62,2/29/16 9:13,Updated by 241,3/17/16 16:27,Phone,Location 46,Subcategory 135,Symptom 87,Group 23,Resolver 31,TRUE,FALSE,2 - Medium,Do Not Notify,?,?
INC0000102,Resolved,TRUE,4,1,18,Caller 307,Opened by  131,2/29/16 9:06,Created by 62,2/29/16 9:13,Updated by 241,3/17/16 16:28,Phone,Location 46,Subcategory 135,Symptom 87,Group 23,Resolver 31,TRUE,FALSE,2 - Medium,Do Not Notify,?,?
INC0000102,Closed,FALSE,4,1,19,Caller 307,Opened by  131,2/29/16 9:06,Created by 62,2/29/16 9:13,Updated by 908,3/24/16 18:59,Phone,Location 46,Subcategory 135,Symptom 87,Group 23,Resolver 31,TRUE,FALSE,2 - Medium,Do Not Notify,?,?
INC0000103,New,TRUE,0,0,0,Caller 4375,Opened by  180,2/29/16 9:07,Created by 81,2/29/16 9:10,Updated by 340,2/29/16 9:10,Phone,Location 108,Subcategory 194,?,Group 54,?,TRUE,FALSE,2 - Medium,Do Not Notify,Problem ID  2,?
INC0000103,New,TRUE,0,0,1,Caller 4375,Opened by  180,2/29/16 9:07,Created by 81,2/29/16 9:10,Updated by 451,2/29/16 10:07,Phone,Location 108,Subcategory 194,?,Group 54,?,TRUE,FALSE,2 - Medium,Do Not Notify,Problem ID  2,?
INC0000103,Resolved,TRUE,0,0,2,Caller 4375,Opened by  180,2/29/16 9:07,Created by 81,2/29/16 9:10,Updated by 874,03-02-2016 14:54,Phone,Location 108,Subcategory 194,?,Group 54,?,TRUE,FALSE,2 - Medium,Do Not Notify,Problem ID  2,?
INC0000103,Closed,FALSE,0,0,3,Caller 4375,Opened by  180,2/29/16 9:07,Created by 81,2/29/16 9:10,Updated by 908,03-07-2016 15:00,Phone,Location 108,Subcategory 194,?,Group 54,?,TRUE,FALSE,2 - Medium,Do Not Notify,Problem ID  2,?
INC0000104,New,TRUE,0,0,0,Caller 5180,Opened by  180,2/29/16 9:08,Created by 81,2/29/16 9:17,Updated by 340,2/29/16 9:17,Phone,Location 51,Subcategory 175,Symptom 311,Group 70,Resolver 201,TRUE,FALSE,2 - Medium,Do Not Notify,?,?
INC0000104,New,TRUE,0,0,1,Caller 5180,Opened by  180,2/29/16 9:08,Created by 81,2/29/16 9:17,Updated by 340,2/29/16 9:18,Phone,Location 51,Subcategory 175,Symptom 311,Group 70,Resolver 201,TRUE,FALSE,1 - High,Do Not Notify,?,?
INC0000104,Active,TRUE,0,0,2,Caller 5180,Opened by  180,2/29/16 9:08,Created by 81,2/29/16 9:17,Updated by 723,2/29/16 13:18,Phone,Location 51,Subcategory 175,Symptom 311,Group 70,Resolver 201,TRUE,FALSE,1 - High,Do Not Notify,?,?
INC0000104,Active,TRUE,0,0,3,Caller 5180,Opened by  180,2/29/16 9:08,Created by 81,2/29/16 9:17,Updated by 111,2/29/16 23:48,Phone,Location 51,Subcategory 168,Symptom 116,Group 70,Resolver 201,TRUE,FALSE,1 - High,Do Not Notify,?,?
INC0000104,Active,TRUE,1,0,4,Caller 5180,Opened by  180,2/29/16 9:08,Created by 81,2/29/16 9:17,Updated by 135,03-01-2016 10:00,Phone,Location 51,Subcategory 168,Symptom 116,Group 30,Resolver 201,TRUE,FALSE,1 - High,Do Not Notify,?,?
INC0000104,Resolved,TRUE,1,0,5,Caller 5180,Opened by  180,2/29/16 9:08,Created by 81,2/29/16 9:17,Updated by 789,03-01-2016 11:55,Phone,Location 51,Subcategory 168,Symptom 116,Group 30,Resolver 201,TRUE,TRUE,1 - High,Do Not Notify,?,?
INC0000104,Closed,FALSE,1,0,6,Caller 5180,Opened by  180,2/29/16 9:08,Created by 81,2/29/16 9:17,Updated by 908,03-06-2016 12:00,Phone,Location 51,Subcategory 168,Symptom 116,Group 30,Resolver 201,TRUE,TRUE,1 - High,Do Not Notify,?,?
INC0000105,New,TRUE,0,0,0,Caller 2949,Opened by  180,2/29/16 9:10,Created by 81,2/29/16 9:13,Updated by 340,2/29/16 9:13,Phone,Location 93,Subcategory 223,?,Group 70,?,TRUE,FALSE,2 - Medium,Do Not Notify,?,?
INC0000105,New,TRUE,0,0,1,Caller 2949,Opened by  180,2/29/16 9:10,Created by 81,2/29/16 9:13,Updated by 340,2/29/16 9:14,Phone,Location 93,Subcategory 223,?,Group 70,?,TRUE,FALSE,2 - Medium,Do Not Notify,?,?
INC0000105,New,TRUE,0,0,2,Caller 2949,Opened by  180,2/29/16 9:10,Created by 81,2/29/16 9:13,Updated by 340,2/29/16 9:14,Phone,Location 93,Subcategory 223,?,Group 70,?,TRUE,FALSE,2 - Medium,Do Not Notify,?,?
INC0000105,New,TRUE,0,0,3,Caller 2949,Opened by  180,2/29/16 9:10,Created by 81,2/29/16 9:13,Updated by 340,2/29/16 9:27,Phone,Location 93,Subcategory 223,?,Group 70,?,TRUE,FALSE,2 - Medium,Do Not Notify,?,?
INC0000105,New,TRUE,1,0,4,Caller 2949,Opened by  180,2/29/16 9:10,Created by 81,2/29/16 9:13,Updated by 750,2/29/16 9:30,Phone,Location 93,Subcategory 223,?,Group 55,?,TRUE,FALSE,2 - Medium,Do Not Notify,?,?
INC0000105,New,TRUE,1,0,5,Caller 2949,Opened by  180,2/29/16 9:10,Created by 81,2/29/16 9:13,Updated by 277,2/29/16 11:55,Phone,Location 93,Subcategory 223,?,Group 55,?,TRUE,FALSE,2 - Medium,Do Not Notify,?,?
INC0000105,Resolved,TRUE,1,0,6,Caller 2949,Opened by  180,2/29/16 9:10,Created by 81,2/29/16 9:13,Updated by 277,2/29/16 11:58,Phone,Location 93,Subcategory 223,?,Group 55,?,TRUE,FALSE,2 - Medium,Do Not Notify,?,?
INC0000105,Closed,FALSE,1,0,7,Caller 2949,Opened by  180,2/29/16 9:10,Created by 81,2/29/16 9:13,Updated by 908,03-05-2016 12:00,Phone,Location 93,Subcategory 223,?,Group 55,?,TRUE,FALSE,2 - Medium,Do Not Notify,?,?
INC0000110,Active,TRUE,0,0,0,Caller 5540,Opened by  40,2/29/16 9:13,Created by 20,2/29/16 9:19,Updated by 88,2/29/16 9:19,Phone,Location 108,Subcategory 271,Symptom 470,Group 54,?,TRUE,FALSE,2 - Medium,Do Not Notify,Problem ID  2,?
INC0000110,Active,TRUE,0,0,1,Caller 5540,Opened by  40,2/29/16 9:13,Created by 20,2/29/16 9:19,Updated by 451,2/29/16 10:07,Phone,Location 108,Subcategory 271,Symptom 470,Group 54,?,TRUE,FALSE,2 - Medium,Do Not Notify,Problem ID  2,?
INC0000110,Resolved,TRUE,0,0,2,Caller 5540,Opened by  40,2/29/16 9:13,Created by 20,2/29/16 9:19,Updated by 874,03-02-2016 14:55,Phone,Location 108,Subcategory 271,Symptom 470,Group 54,?,TRUE,FALSE,2 - Medium,Do Not Notify,Problem ID  2,?
INC0000110,Closed,FALSE,0,0,3,Caller 5540,Opened by  40,2/29/16 9:13,Created by 20,2/29/16 9:19,Updated by 908,03-07-2016 15:00,Phone,Location 108,Subcategory 271,Symptom 470,Group 54,?,TRUE,FALSE,2 - Medium,Do Not Notify,Problem ID  2,?
INC0000111,New,TRUE,0,0,0,Caller 4325,Opened by  180,2/29/16 9:14,Created by 81,2/29/16 9:19,Updated by 340,2/29/16 9:19,Phone,Location 93,Subcategory 130,Symptom 470,Group 54,?,TRUE,FALSE,2 - Medium,Do Not Notify,Problem ID  2,?
INC0000111,New,TRUE,0,0,1,Caller 4325,Opened by  180,2/29/16 9:14,Created by 81,2/29/16 9:19,Updated by 451,2/29/16 10:07,Phone,Location 93,Subcategory 130,Symptom 470,Group 54,?,TRUE,FALSE,2 - Medium,Do Not Notify,Problem ID  2,?
INC0000111,Resolved,TRUE,0,0,2,Caller 4325,Opened by  180,2/29/16 9:14,Created by 81,2/29/16 9:19,Updated by 874,03-02-2016 14:56,Phone,Location 93,Subcategory 130,Symptom 470,Group 54,?,TRUE,FALSE,2 - Medium,Do Not Notify,Problem ID  2,?
INC0000111,Closed,FALSE,0,0,3,Caller 4325,Opened by  180,2/29/16 9:14,Created by 81,2/29/16 9:19,Updated by 908,03-07-2016 15:00,Phone,Location 93,Subcategory 130,Symptom 470,Group 54,?,TRUE,FALSE,2 - Medium,Do Not Notify,Problem ID  2,?
INC0000112,New,TRUE,0,0,0,Caller 521,Opened by  131,2/29/16 9:15,Created by 62,2/29/16 9:18,Updated by 265,2/29/16 9:18,Phone,Location 93,Subcategory 135,Symptom 87,Group 70,Resolver 215,TRUE,FALSE,2 - Medium,Do Not Notify,?,?
INC0000112,New,TRUE,1,0,1,Caller 521,Opened by  131,2/29/16 9:15,Created by 62,2/29/16 9:18,Updated by 746,03-01-2016 01:29,Phone,Location 93,Subcategory 135,Symptom 87,Group 25,Resolver 215,TRUE,FALSE,2 - Medium,Do Not Notify,?,?
INC0000112,New,TRUE,2,0,2,Caller 521,Opened by  131,2/29/16 9:15,Created by 62,2/29/16 9:18,Updated by 213,03-02-2016 14:22,Phone,Location 93,Subcategory 135,Symptom 87,Group 23,Resolver 215,TRUE,FALSE,2 - Medium,Do Not Notify,?,?
INC0000112,New,TRUE,2,0,3,Caller 521,Opened by  131,2/29/16 9:15,Created by 62,2/29/16 9:18,Updated by 833,03-02-2016 14:59,Phone,Location 93,Subcategory 135,Symptom 87,Group 23,Resolver 215,TRUE,FALSE,2 - Medium,Do Not Notify,?,?
INC0000112,Resolved,TRUE,2,0,4,Caller 521,Opened by  131,2/29/16 9:15,Created by 62,2/29/16 9:18,Updated by 833,03-02-2016 15:13,Phone,Location 93,Subcategory 135,Symptom 87,Group 23,Resolver 215,TRUE,FALSE,2 - Medium,Do Not Notify,?,?
INC0000112,Closed,FALSE,2,0,5,Caller 521,Opened by  131,2/29/16 9:15,Created by 62,2/29/16 9:18,Updated by 908,03-07-2016 16:00,Phone,Location 93,Subcategory 135,Symptom 87,Group 23,Resolver 215,TRUE,FALSE,2 - Medium,Do Not Notify,?,?
INC0000113,New,TRUE,0,0,0,Caller 1658,Opened by  24,2/29/16 9:18,Created by 13,2/29/16 9:19,Updated by 60,2/29/16 9:19,Phone,Location 204,Subcategory 23,?,Group 25,Resolver 227,TRUE,FALSE,2 - Medium,Do Not Notify,?,?
INC0000113,Active,TRUE,0,0,1,Caller 1658,Opened by  24,2/29/16 9:18,Created by 13,2/29/16 9:19,Updated by 868,03-02-2016 19:28,Phone,Location 204,Subcategory 23,?,Group 25,Resolver 227,TRUE,FALSE,2 - Medium,Do Not Notify,?,?
INC0000113,Active,TRUE,0,0,2,Caller 1658,Opened by  24,2/29/16 9:18,Created by 13,2/29/16 9:19,Updated by 868,03-02-2016 19:30,Phone,Location 204,Subcategory 23,?,Group 25,Resolver 227,TRUE,FALSE,2 - Medium,Do Not Notify,?,?
INC0000113,Resolved,TRUE,0,0,3,Caller 1658,Opened by  24,2/29/16 9:18,Created by 13,2/29/16 9:19,Updated by 868,03-02-2016 19:30,Phone,Location 204,Subcategory 23,?,Group 25,Resolver 227,TRUE,FALSE,2 - Medium,Do Not Notify,?,?
INC0000113,Closed,FALSE,0,0,4,Caller 1658,Opened by  24,2/29/16 9:18,Created by 13,2/29/16 9:19,Updated by 908,03-07-2016 20:00,Phone,Location 204,Subcategory 23,?,Group 25,Resolver 227,TRUE,FALSE,2 - Medium,Do Not Notify,?,?
INC0000114,New,TRUE,0,0,0,Caller 4554,Opened by  180,2/29/16 9:18,?,?,Updated by 908,2/29/16 9:18,Phone,Location 161,Subcategory 194,?,Group 54,?,TRUE,FALSE,2 - Medium,Do Not Notify,?,?
INC0000114,New,TRUE,0,0,1,Caller 4554,Opened by  180,2/29/16 9:18,?,?,Updated by 451,2/29/16 10:07,Phone,Location 161,Subcategory 194,?,Group 54,?,TRUE,FALSE,2 - Medium,Do Not Notify,Problem ID  2,?
INC0000114,New,TRUE,0,0,2,Caller 4554,Opened by  180,2/29/16 9:18,?,?,Updated by 874,03-01-2016 15:31,Phone,Location 161,Subcategory 194,?,Group 54,?,TRUE,FALSE,2 - Medium,Do Not Notify,Problem ID  2,?
INC0000114,New,TRUE,1,0,3,Caller 4554,Opened by  180,2/29/16 9:18,?,?,Updated by 874,03-01-2016 15:32,Phone,Location 161,Subcategory 194,?,Group 70,?,TRUE,FALSE,2 - Medium,Do Not Notify,Problem ID  2,?
INC0000114,Awaiting User Info,TRUE,1,0,4,Caller 4554,Opened by  180,2/29/16 9:18,?,?,Updated by 746,03-02-2016 01:13,Phone,Location 161,Subcategory 194,?,Group 70,?,TRUE,FALSE,2 - Medium,Do Not Notify,Problem ID  2,?
INC0000114,Awaiting User Info,TRUE,1,0,5,Caller 4554,Opened by  180,2/29/16 9:18,?,?,Updated by 746,03-02-2016 01:20,Phone,Location 161,Subcategory 194,?,Group 70,?,TRUE,FALSE,2 - Medium,Do Not Notify,Problem ID  2,?
INC0000114,Awaiting User Info,TRUE,1,0,7,Caller 4554,Opened by  180,2/29/16 9:18,?,?,Updated by 746,03-03-2016 01:17,Phone,Location 161,Subcategory 194,?,Group 70,?,TRUE,FALSE,2 - Medium,Do Not Notify,Problem ID  2,?
INC0000114,Resolved,TRUE,1,0,8,Caller 4554,Opened by  180,2/29/16 9:18,?,?,Updated by 746,03-03-2016 01:18,Phone,Location 161,Subcategory 194,?,Group 70,?,TRUE,FALSE,2 - Medium,Do Not Notify,Problem ID  2,?
INC0000114,Closed,FALSE,1,0,9,Caller 4554,Opened by  180,2/29/16 9:18,?,?,Updated by 908,03-08-2016 02:00,Phone,Location 161,Subcategory 194,?,Group 70,?,TRUE,FALSE,2 - Medium,Do Not Notify,Problem ID  2,?
INC0000115,New,TRUE,0,0,0,Caller 5494,Opened by  131,2/29/16 9:20,Created by 62,2/29/16 9:31,Updated by 265,2/29/16 9:31,Phone,Location 161,Subcategory 164,Symptom 607,Group 70,Resolver 89,TRUE,FALSE,2 - Medium,Do Not Notify,?,?
INC0000115,New,TRUE,1,0,1,Caller 5494,Opened by  131,2/29/16 9:20,Created by 62,2/29/16 9:31,Updated by 746,03-01-2016 00:58,Phone,Location 161,Subcategory 164,Symptom 607,Group 62,Resolver 89,TRUE,FALSE,2 - Medium,Do Not Notify,?,?
INC0000115,New,TRUE,2,0,2,Caller 5494,Opened by  131,2/29/16 9:20,Created by 62,2/29/16 9:31,Updated by 681,03-01-2016 08:38,Phone,Location 161,Subcategory 164,Symptom 607,Group 24,Resolver 89,TRUE,FALSE,2 - Medium,Do Not Notify,?,?
INC0000115,New,TRUE,2,0,3,Caller 5494,Opened by  131,2/29/16 9:20,Created by 62,2/29/16 9:31,Updated by 332,03-01-2016 08:45,Phone,Location 161,Subcategory 164,Symptom 607,Group 24,Resolver 89,TRUE,FALSE,2 - Medium,Do Not Notify,?,?
INC0000115,Resolved,TRUE,2,0,4,Caller 5494,Opened by  131,2/29/16 9:20,Created by 62,2/29/16 9:31,Updated by 332,03-01-2016 08:50,Phone,Location 161,Subcategory 164,Symptom 607,Group 24,Resolver 89,TRUE,FALSE,2 - Medium,Do Not Notify,?,?
INC0000115,Closed,FALSE,2,0,5,Caller 5494,Opened by  131,2/29/16 9:20,Created by 62,2/29/16 9:31,Updated by 908,03-06-2016 09:00,Phone,Location 161,Subcategory 164,Symptom 607,Group 24,Resolver 89,TRUE,FALSE,2 - Medium,Do Not Notify,?,?
INC0000116,New,TRUE,0,0,0,Caller 1488,Opened by  180,2/29/16 9:20,Created by 81,2/29/16 9:23,Updated by 340,2/29/16 9:23,Phone,Location 108,Subcategory 135,Symptom 529,Group 27,?,TRUE,FALSE,2 - Medium,Do Not Notify,?,?
INC0000116,New,TRUE,1,0,1,Caller 1488,Opened by  180,2/29/16 9:20,Created by 81,2/29/16 9:23,Updated by 336,2/29/16 13:41,Phone,Location 108,Subcategory 135,Symptom 529,Group 47,?,TRUE,FALSE,2 - Medium,Do Not Notify,?,?
INC0000116,Resolved,TRUE,1,0,2,Caller 1488,Opened by  180,2/29/16 9:20,Created by 81,2/29/16 9:23,Updated by 419,03-01-2016 12:02,Phone,Location 108,Subcategory 135,Symptom 529,Group 47,?,TRUE,FALSE,2 - Medium,Do Not Notify,?,?
INC0000116,Closed,FALSE,1,0,3,Caller 1488,Opened by  180,2/29/16 9:20,Created by 81,2/29/16 9:23,Updated by 908,03-06-2016 13:00,Phone,Location 108,Subcategory 135,Symptom 529,Group 47,?,TRUE,FALSE,2 - Medium,Do Not Notify,?,?
INC0000119,New,TRUE,0,0,0,Caller 3842,Opened by  180,2/29/16 9:22,Created by 81,2/29/16 9:31,Updated by 340,2/29/16 9:31,Phone,Location 161,Subcategory 164,Symptom 471,Group 24,Resolver 89,TRUE,FALSE,2 - Medium,Do Not Notify,?,?
INC0000119,Active,TRUE,0,0,1,Caller 3842,Opened by  180,2/29/16 9:22,Created by 81,2/29/16 9:31,Updated by 332,03-01-2016 09:02,Phone,Location 161,Subcategory 164,Symptom 471,Group 24,Resolver 89,TRUE,FALSE,2 - Medium,Do Not Notify,?,?
INC0000119,Resolved,TRUE,0,0,2,Caller 3842,Opened by  180,2/29/16 9:22,Created by 81,2/29/16 9:31,Updated by 332,03-01-2016 09:03,Phone,Location 161,Subcategory 164,Symptom 471,Group 24,Resolver 89,TRUE,FALSE,2 - Medium,Do Not Notify,?,?
INC0000119,Closed,FALSE,0,0,3,Caller 3842,Opened by  180,2/29/16 9:22,Created by 81,2/29/16 9:31,Updated by 908,03-06-2016 10:00,Phone,Location 161,Subcategory 164,Symptom 471,Group 24,Resolver 89,TRUE,FALSE,2 - Medium,Do Not Notify,?,?
INC0000121,Active,TRUE,0,0,0,Caller 1932,Opened by  40,2/29/16 9:25,Created by 20,2/29/16 9:28,Updated by 88,2/29/16 9:28,Phone,Location 93,Subcategory 271,Symptom 471,Group 23,?,TRUE,FALSE,2 - Medium,Do Not Notify,?,?
INC0000121,Resolved,TRUE,0,0,1,Caller 1932,Opened by  40,2/29/16 9:25,Created by 20,2/29/16 9:28,Updated by 241,2/29/16 16:31,Phone,Location 93,Subcategory 271,Symptom 471,Group 23,?,TRUE,FALSE,2 - Medium,Do Not Notify,?,?
INC0000121,Closed,FALSE,0,0,2,Caller 1932,Opened by  40,2/29/16 9:25,Created by 20,2/29/16 9:28,Updated by 908,03-05-2016 17:00,Phone,Location 93,Subcategory 271,Symptom 471,Group 23,?,TRUE,FALSE,2 - Medium,Do Not Notify,?,?
INC0000122,New,TRUE,0,0,0,Caller 3113,Opened by  24,2/29/16 9:27,Created by 13,2/29/16 9:34,Updated by 60,2/29/16 9:34,Phone,Location 44,Subcategory 47,Symptom 159,Group 70,?,TRUE,FALSE,2 - Medium,Do Not Notify,?,?
INC0000122,New,TRUE,1,0,1,Caller 3113,Opened by  24,2/29/16 9:27,Created by 13,2/29/16 9:34,Updated by 451,2/29/16 11:04,Phone,Location 44,Subcategory 47,Symptom 159,Group 22,?,TRUE,FALSE,2 - Medium,Do Not Notify,?,?
INC0000122,New,TRUE,1,0,2,Caller 3113,Opened by  24,2/29/16 9:27,Created by 13,2/29/16 9:34,Updated by 798,2/29/16 11:56,Phone,Location 44,Subcategory 107,Symptom 226,Group 22,?,TRUE,FALSE,2 - Medium,Do Not Notify,?,?
INC0000122,Resolved,TRUE,1,0,3,Caller 3113,Opened by  24,2/29/16 9:27,Created by 13,2/29/16 9:34,Updated by 608,03-01-2016 16:50,Phone,Location 44,Subcategory 107,Symptom 226,Group 22,?,TRUE,FALSE,2 - Medium,Do Not Notify,?,?
INC0000122,Closed,FALSE,1,0,4,Caller 3113,Opened by  24,2/29/16 9:27,Created by 13,2/29/16 9:34,Updated by 908,03-06-2016 17:00,Phone,Location 44,Subcategory 107,Symptom 226,Group 22,?,TRUE,FALSE,2 - Medium,Do Not Notify,?,?
INC0000123,New,TRUE,0,0,0,Caller 4428,Opened by  180,2/29/16 9:29,Created by 81,2/29/16 9:38,Updated by 340,2/29/16 9:38,Phone,Location 108,Subcategory 194,Symptom 470,Group 54,?,TRUE,FALSE,2 - Medium,Do Not Notify,Problem ID  2,?
INC0000123,New,TRUE,0,0,1,Caller 4428,Opened by  180,2/29/16 9:29,Created by 81,2/29/16 9:38,Updated by 451,2/29/16 10:08,Phone,Location 108,Subcategory 194,Symptom 470,Group 54,?,TRUE,FALSE,2 - Medium,Do Not Notify,Problem ID  2,?
INC0000123,Resolved,TRUE,0,0,2,Caller 4428,Opened by  180,2/29/16 9:29,Created by 81,2/29/16 9:38,Updated by 874,03-02-2016 14:56,Phone,Location 108,Subcategory 194,Symptom 470,Group 54,?,TRUE,FALSE,2 - Medium,Do Not Notify,Problem ID  2,?
INC0000123,Closed,FALSE,0,0,3,Caller 4428,Opened by  180,2/29/16 9:29,Created by 81,2/29/16 9:38,Updated by 908,03-07-2016 15:00,Phone,Location 108,Subcategory 194,Symptom 470,Group 54,?,TRUE,FALSE,2 - Medium,Do Not Notify,Problem ID  2,?
INC0000124,Active,TRUE,0,0,0,Caller 4907,Opened by  40,2/29/16 9:30,Created by 20,2/29/16 9:39,Updated by 88,2/29/16 9:39,Phone,Location 108,Subcategory 271,Symptom 470,Group 33,Resolver 159,TRUE,FALSE,2 - Medium,Do Not Notify,?,?
INC0000124,Active,TRUE,0,0,1,Caller 4907,Opened by  40,2/29/16 9:30,Created by 20,2/29/16 9:39,Updated by 614,2/29/16 11:04,Phone,Location 108,Subcategory 271,Symptom 470,Group 33,Resolver 159,TRUE,FALSE,2 - Medium,Do Not Notify,?,?
INC0000124,Resolved,TRUE,0,0,2,Caller 4907,Opened by  40,2/29/16 9:30,Created by 20,2/29/16 9:39,Updated by 614,2/29/16 11:05,Phone,Location 108,Subcategory 271,Symptom 470,Group 33,Resolver 159,TRUE,FALSE,2 - Medium,Do Not Notify,?,?
INC0000124,Closed,FALSE,0,0,3,Caller 4907,Opened by  40,2/29/16 9:30,Created by 20,2/29/16 9:39,Updated by 908,03-05-2016 12:00,Phone,Location 108,Subcategory 271,Symptom 470,Group 33,Resolver 159,TRUE,FALSE,2 - Medium,Do Not Notify,?,?
INC0000125,New,TRUE,0,0,0,Caller 154,Opened by  131,2/29/16 9:31,Created by 62,2/29/16 9:35,Updated by 265,2/29/16 9:35,Phone,Location 108,Subcategory 164,Symptom 607,Group 70,Resolver 170,TRUE,FALSE,2 - Medium,Do Not Notify,Problem ID  2,?
INC0000125,New,TRUE,0,0,1,Caller 154,Opened by  131,2/29/16 9:31,Created by 62,2/29/16 9:35,Updated by 451,2/29/16 10:08,Phone,Location 108,Subcategory 164,Symptom 607,Group 70,Resolver 170,TRUE,FALSE,2 - Medium,Do Not Notify,Problem ID  2,?
INC0000125,New,TRUE,1,0,2,Caller 154,Opened by  131,2/29/16 9:31,Created by 62,2/29/16 9:35,Updated by 746,03-01-2016 01:28,Phone,Location 108,Subcategory 164,Symptom 607,Group 27,Resolver 170,TRUE,FALSE,2 - Medium,Do Not Notify,Problem ID  2,?
INC0000125,Active,TRUE,1,0,3,Caller 154,Opened by  131,2/29/16 9:31,Created by 62,2/29/16 9:35,Updated by 881,03-01-2016 08:27,Phone,Location 108,Subcategory 164,Symptom 607,Group 27,Resolver 170,TRUE,FALSE,2 - Medium,Do Not Notify,Problem ID  2,?
INC0000125,Active,TRUE,1,0,4,Caller 154,Opened by  131,2/29/16 9:31,Created by 62,2/29/16 9:35,Updated by 881,03-01-2016 08:30,Phone,Location 108,Subcategory 164,Symptom 607,Group 27,Resolver 170,TRUE,FALSE,2 - Medium,Do Not Notify,Problem ID  2,?
INC0000125,Resolved,TRUE,1,0,5,Caller 154,Opened by  131,2/29/16 9:31,Created by 62,2/29/16 9:35,Updated by 881,03-01-2016 08:32,Phone,Location 108,Subcategory 164,Symptom 607,Group 27,Resolver 170,TRUE,TRUE,2 - Medium,Do Not Notify,Problem ID  2,?
INC0000125,Closed,FALSE,1,0,6,Caller 154,Opened by  131,2/29/16 9:31,Created by 62,2/29/16 9:35,Updated by 908,03-06-2016 09:00,Phone,Location 108,Subcategory 164,Symptom 607,Group 27,Resolver 170,TRUE,TRUE,2 - Medium,Do Not Notify,Problem ID  2,?
INC0000126,New,TRUE,0,0,0,Caller 3754,Opened by  180,2/29/16 9:31,Created by 81,2/29/16 9:42,Updated by 340,2/29/16 9:42,Phone,Location 142,Subcategory 127,Symptom 470,Group 54,?,TRUE,FALSE,2 - Medium,Do Not Notify,Problem ID  2,?
INC0000126,New,TRUE,0,0,1,Caller 3754,Opened by  180,2/29/16 9:31,Created by 81,2/29/16 9:42,Updated by 451,2/29/16 10:08,Phone,Location 142,Subcategory 127,Symptom 470,Group 54,?,TRUE,FALSE,2 - Medium,Do Not Notify,Problem ID  2,?
INC0000126,Resolved,TRUE,0,0,2,Caller 3754,Opened by  180,2/29/16 9:31,Created by 81,2/29/16 9:42,Updated by 874,03-02-2016 14:57,Phone,Location 142,Subcategory 127,Symptom 470,Group 54,?,TRUE,FALSE,2 - Medium,Do Not Notify,Problem ID  2,?
INC0000126,Closed,FALSE,0,0,3,Caller 3754,Opened by  180,2/29/16 9:31,Created by 81,2/29/16 9:42,Updated by 908,03-07-2016 15:00,Phone,Location 142,Subcategory 127,Symptom 470,Group 54,?,TRUE,FALSE,2 - Medium,Do Not Notify,Problem ID  2,?
INC0000128,New,TRUE,0,0,0,Caller 4539,Opened by  131,2/29/16 9:36,Created by 62,2/29/16 9:40,Updated by 265,2/29/16 9:40,Phone,Location 36,Subcategory 54,Symptom 4,Group 12,Resolver 99,TRUE,FALSE,2 - Medium,Do Not Notify,?,?
INC0000128,New,TRUE,0,0,1,Caller 4539,Opened by  131,2/29/16 9:36,Created by 62,2/29/16 9:40,Updated by 653,2/29/16 10:02,Phone,Location 36,Subcategory 54,Symptom 4,Group 12,Resolver 99,TRUE,FALSE,2 - Medium,Do Not Notify,?,?
INC0000128,New,TRUE,1,0,2,Caller 4539,Opened by  131,2/29/16 9:36,Created by 62,2/29/16 9:40,Updated by 653,2/29/16 10:02,Phone,Location 36,Subcategory 54,Symptom 4,Group 70,Resolver 99,TRUE,FALSE,2 - Medium,Do Not Notify,?,?
INC0000128,Active,TRUE,1,0,4,Caller 4539,Opened by  131,2/29/16 9:36,Created by 62,2/29/16 9:40,Updated by 723,2/29/16 13:40,Phone,Location 36,Subcategory 54,Symptom 4,Group 70,Resolver 186,TRUE,FALSE,2 - Medium,Do Not Notify,?,?
INC0000128,Active,TRUE,2,0,6,Caller 4539,Opened by  131,2/29/16 9:36,Created by 62,2/29/16 9:40,Updated by 750,03-04-2016 14:57,Phone,Location 36,Subcategory 54,Symptom 4,Group 39,Resolver 99,TRUE,FALSE,2 - Medium,Do Not Notify,?,?
INC0000128,Resolved,TRUE,2,0,9,Caller 4539,Opened by  131,2/29/16 9:36,Created by 62,2/29/16 9:40,Updated by 344,03-11-2016 12:15,Phone,Location 36,Subcategory 54,Symptom 4,Group 39,Resolver 99,TRUE,FALSE,2 - Medium,Do Not Notify,?,?
INC0000128,Closed,FALSE,2,0,10,Caller 4539,Opened by  131,2/29/16 9:36,Created by 62,2/29/16 9:40,Updated by 908,3/24/16 18:50,Phone,Location 36,Subcategory 54,Symptom 4,Group 39,Resolver 99,TRUE,FALSE,2 - Medium,Do Not Notify,?,?
INC0000129,New,TRUE,0,0,0,Caller 5340,Opened by  180,2/29/16 9:40,Created by 81,2/29/16 9:48,Updated by 340,2/29/16 9:48,Phone,Location 229,Subcategory 75,Symptom 4,Group 70,Resolver 253,TRUE,FALSE,2 - Medium,Do Not Notify,?,?
INC0000129,Awaiting User Info,TRUE,0,0,1,Caller 5340,Opened by  180,2/29/16 9:40,Created by 81,2/29/16 9:48,Updated by 60,2/29/16 12:32,Phone,Location 229,Subcategory 75,Symptom 4,Group 70,Resolver 253,TRUE,FALSE,2 - Medium,Do Not Notify,?,?
INC0000129,Awaiting User Info,TRUE,0,0,2,Caller 5340,Opened by  180,2/29/16 9:40,Created by 81,2/29/16 9:48,Updated by 727,03-03-2016 04:24,Phone,Location 229,Subcategory 75,Symptom 4,Group 70,Resolver 253,TRUE,FALSE,2 - Medium,Do Not Notify,?,?
INC0000129,Awaiting User Info,TRUE,0,0,3,Caller 5340,Opened by  180,2/29/16 9:40,Created by 81,2/29/16 9:48,Updated by 750,03-03-2016 14:24,Phone,Location 229,Subcategory 75,Symptom 4,Group 70,Resolver 253,TRUE,FALSE,2 - Medium,Do Not Notify,?,?
INC0000129,Awaiting User Info,TRUE,0,0,4,Caller 5340,Opened by  180,2/29/16 9:40,Created by 81,2/29/16 9:48,Updated by 727,03-04-2016 11:19,Phone,Location 229,Subcategory 75,Symptom 4,Group 70,Resolver 253,TRUE,FALSE,2 - Medium,Do Not Notify,?,?
INC0000129,Awaiting User Info,TRUE,0,0,5,Caller 5340,Opened by  180,2/29/16 9:40,Created by 81,2/29/16 9:48,Updated by 727,03-04-2016 13:48,Phone,Location 229,Subcategory 75,Symptom 4,Group 70,Resolver 253,TRUE,FALSE,2 - Medium,Do Not Notify,?,?
INC0000129,Awaiting User Info,TRUE,0,0,7,Caller 5340,Opened by  180,2/29/16 9:40,Created by 81,2/29/16 9:48,Updated by 135,03-09-2016 10:58,Phone,Location 229,Subcategory 75,Symptom 4,Group 70,Resolver 253,TRUE,FALSE,2 - Medium,Do Not Notify,?,?
INC0000129,Awaiting User Info,TRUE,1,0,8,Caller 5340,Opened by  180,2/29/16 9:40,Created by 81,2/29/16 9:48,Updated by 135,03-09-2016 11:13,Phone,Location 229,Subcategory 75,Symptom 4,Group 29,Resolver 253,TRUE,FALSE,2 - Medium,Do Not Notify,?,?
INC0000129,Awaiting User Info,TRUE,2,0,13,Caller 5340,Opened by  180,2/29/16 9:40,Created by 81,2/29/16 9:48,Updated by 135,3/22/16 12:31,Phone,Location 229,Subcategory 75,Symptom 4,Group 24,Resolver 253,TRUE,FALSE,2 - Medium,Do Not Notify,?,?
INC0000129,Awaiting User Info,TRUE,2,0,14,Caller 5340,Opened by  180,2/29/16 9:40,Created by 81,2/29/16 9:48,Updated by 994,3/22/16 13:15,Phone,Location 229,Subcategory 75,Symptom 4,Group 24,Resolver 253,TRUE,FALSE,2 - Medium,Do Not Notify,?,?
INC0000129,Awaiting User Info,TRUE,2,0,15,Caller 5340,Opened by  180,2/29/16 9:40,Created by 81,2/29/16 9:48,Updated by 994,3/22/16 13:18,Phone,Location 229,Subcategory 75,Symptom 4,Group 24,Resolver 253,TRUE,FALSE,2 - Medium,Do Not Notify,?,?
INC0000129,Resolved,TRUE,2,0,16,Caller 5340,Opened by  180,2/29/16 9:40,Created by 81,2/29/16 9:48,Updated by 994,3/22/16 13:30,Phone,Location 135,Subcategory 75,Symptom 4,Group 24,Resolver 253,TRUE,TRUE,2 - Medium,Do Not Notify,?,?
INC0000129,Closed,FALSE,2,0,17,Caller 5340,Opened by  180,2/29/16 9:40,Created by 81,2/29/16 9:48,Updated by 908,3/27/16 13:59,Phone,Location 135,Subcategory 75,Symptom 4,Group 24,Resolver 253,TRUE,TRUE,2 - Medium,Do Not Notify,?,?
INC0000130,New,TRUE,0,0,2,Caller 314,Opened by  62,2/29/16 9:41,Created by 81,2/29/16 7:17,Updated by 340,2/29/16 7:27,Phone,Location 204,Subcategory 164,Symptom 470,Group 72,?,TRUE,FALSE,2 - Medium,Do Not Notify,?,?
INC0000130,New,TRUE,1,0,1,Caller 314,Opened by  62,2/29/16 9:41,Created by 81,2/29/16 7:17,Updated by 133,2/29/16 9:59,Phone,Location 204,Subcategory 164,Symptom 470,Group 73,?,TRUE,FALSE,2 - Medium,Do Not Notify,?,?
INC0000130,Active,TRUE,1,0,2,Caller 314,Opened by  62,2/29/16 9:41,Created by 81,2/29/16 7:17,Updated by 755,03-01-2016 14:13,Phone,Location 204,Subcategory 164,Symptom 470,Group 73,Resolver 198,TRUE,FALSE,2 - Medium,Do Not Notify,?,?
INC0000130,Active,TRUE,1,0,3,Caller 314,Opened by  62,2/29/16 9:41,Created by 81,2/29/16 7:17,Updated by 533,03-03-2016 10:16,Phone,Location 204,Subcategory 164,Symptom 470,Group 73,Resolver 198,TRUE,FALSE,2 - Medium,Do Not Notify,?,?
INC0000130,Resolved,TRUE,1,0,4,Caller 314,Opened by  62,2/29/16 9:41,Created by 81,2/29/16 7:17,Updated by 533,03-03-2016 10:16,Phone,Location 204,Subcategory 164,Symptom 470,Group 73,Resolver 198,TRUE,FALSE,2 - Medium,Do Not Notify,?,?
INC0000130,Closed,FALSE,1,0,5,Caller 314,Opened by  62,2/29/16 9:41,Created by 81,2/29/16 7:17,Updated by 908,03-08-2016 11:00,Phone,Location 204,Subcategory 164,Symptom 470,Group 73,Resolver 198,TRUE,FALSE,2 - Medium,Do Not Notify,?,?
INC0000131,Active,TRUE,0,0,0,Caller 3763,Opened by  433,2/29/16 9:41,Created by 62,2/29/16 7:14,Updated by 265,2/29/16 7:14,Phone,Location 15,Subcategory 220,Symptom 580,Group 66,Resolver 175,TRUE,FALSE,2 - Medium,Do Not Notify,?,?
INC0000131,Awaiting User Info,TRUE,0,0,1,Caller 3763,Opened by  433,2/29/16 9:41,Created by 62,2/29/16 7:14,Updated by 804,2/29/16 9:45,Phone,Location 15,Subcategory 220,Symptom 580,Group 66,Resolver 175,TRUE,FALSE,2 - Medium,Do Not Notify,?,?
INC0000131,Resolved,TRUE,0,0,2,Caller 3763,Opened by  433,2/29/16 9:41,Created by 62,2/29/16 7:14,Updated by 804,03-03-2016 09:27,Phone,Location 15,Subcategory 220,Symptom 580,Group 66,Resolver 175,TRUE,FALSE,2 - Medium,Do Not Notify,?,?
INC0000131,Closed,FALSE,0,0,3,Caller 3763,Opened by  433,2/29/16 9:41,Created by 62,2/29/16 7:14,Updated by 908,03-08-2016 10:00,Phone,Location 15,Subcategory 220,Symptom 580,Group 66,Resolver 175,TRUE,FALSE,2 - Medium,Do Not Notify,?,?
INC0000132,New,TRUE,0,0,0,Caller 3957,Opened by  131,2/29/16 9:42,Created by 62,2/29/16 9:50,Updated by 265,2/29/16 9:50,Phone,Location 204,Subcategory 164,Symptom 580,Group 70,Resolver 135,TRUE,FALSE,2 - Medium,Do Not Notify,?,?
INC0000132,New,TRUE,1,0,1,Caller 3957,Opened by  131,2/29/16 9:42,Created by 62,2/29/16 9:50,Updated by 750,2/29/16 11:54,Phone,Location 204,Subcategory 164,Symptom 580,Group 25,Resolver 135,TRUE,FALSE,2 - Medium,Do Not Notify,?,?
INC0000132,New,TRUE,2,0,2,Caller 3957,Opened by  131,2/29/16 9:42,Created by 62,2/29/16 9:50,Updated by 213,03-02-2016 13:23,Phone,Location 204,Subcategory 164,Symptom 580,Group 23,Resolver 135,TRUE,FALSE,2 - Medium,Do Not Notify,?,?
INC0000132,Active,TRUE,2,0,3,Caller 3957,Opened by  131,2/29/16 9:42,Created by 62,2/29/16 9:50,Updated by 241,03-02-2016 16:36,Phone,Location 204,Subcategory 164,Symptom 580,Group 23,Resolver 135,TRUE,FALSE,2 - Medium,Do Not Notify,?,?
INC0000132,Resolved,TRUE,2,0,4,Caller 3957,Opened by  131,2/29/16 9:42,Created by 62,2/29/16 9:50,Updated by 507,03-03-2016 15:18,Phone,Location 204,Subcategory 164,Symptom 580,Group 23,Resolver 135,TRUE,FALSE,2 - Medium,Do Not Notify,?,?
INC0000132,Closed,FALSE,2,0,5,Caller 3957,Opened by  131,2/29/16 9:42,Created by 62,2/29/16 9:50,Updated by 908,03-08-2016 16:00,Phone,Location 204,Subcategory 164,Symptom 580,Group 23,Resolver 135,TRUE,FALSE,2 - Medium,Do Not Notify,?,?
INC0000134,New,TRUE,0,0,2,Caller 2471,Opened by  501,2/29/16 9:44,Created by 62,2/29/16 7:46,Updated by 265,2/29/16 7:55,Phone,Location 204,Subcategory 192,Symptom 580,Group 72,Resolver 216,TRUE,FALSE,3 - Low,Do Not Notify,?,?
INC0000134,New,TRUE,1,0,1,Caller 2471,Opened by  501,2/29/16 9:44,Created by 62,2/29/16 7:46,Updated by 750,2/29/16 9:52,Phone,Location 204,Subcategory 192,Symptom 580,Group 73,Resolver 216,TRUE,FALSE,3 - Low,Do Not Notify,?,?
INC0000134,Active,TRUE,1,0,2,Caller 2471,Opened by  501,2/29/16 9:44,Created by 62,2/29/16 7:46,Updated by 755,03-01-2016 14:13,Phone,Location 204,Subcategory 192,Symptom 580,Group 73,Resolver 198,TRUE,FALSE,3 - Low,Do Not Notify,?,?
INC0000134,Resolved,TRUE,1,0,3,Caller 2471,Opened by  501,2/29/16 9:44,Created by 62,2/29/16 7:46,Updated by 533,03-03-2016 08:21,Phone,Location 204,Subcategory 192,Symptom 580,Group 73,Resolver 198,TRUE,FALSE,3 - Low,Do Not Notify,?,?
INC0000134,Closed,FALSE,1,0,4,Caller 2471,Opened by  501,2/29/16 9:44,Created by 62,2/29/16 7:46,Updated by 908,03-08-2016 09:00,Phone,Location 204,Subcategory 192,Symptom 580,Group 73,Resolver 198,TRUE,FALSE,3 - Low,Do Not Notify,?,?
